1,,3,4,5,6,7,8,9,10,11,12,13,14,,,,,,,,,,,,,
中央,中央广播电视台,1、综合频道（高标清同播）,,2、财经频道（高标清同播）,3、综艺频道（高标清同播）,4、中文国际频道（亚洲版）（高标清同播）,5、体育频道（高标清同播）,6、电影频道（高标清同播）,7、国防军事频道（高标清同播）,8、电视剧频道（高标清同播）,9、纪录频道（国内版）（高标清同播）,10、科教频道（高标清同播）,11、戏曲频道（高标清同播）,12、社会与法频道（高标清同播）,13、新闻频道（高标清同播）,14、少儿频道（高标清同播）,15、音乐频道（高标清同播）,16、农业农村频道（高标清同播）,17、体育赛事频道（高清）,18、英语新闻频道（高标清同播）,19、法语国际频道（高标清同播）,20、西班牙语国际频道（高标清同播）,21、阿拉伯语国际频道（高标清同播）,22、俄语国际频道（高标清同播）,23、4k超高清频道（4K超高清）,24、中视购物频道
安徽,阜阳市广播电视台,1、新闻综合频道（高标清同播）,,2、公共频道（高标清同播）,,,,,,,,,,,,,,,,,,,,,,
安徽,安庆市广播电视台,1、新闻综合频道（高标清同播）,,2、公共频道（高标清同播）,,,,,,,,,,,,,,,,,,,,,,
安徽,马鞍山市广播电视台,1、新闻综合频道（高标清同播）,,2、公共频道（高标清同播）,,,,,,,,,,,,,,,,,,,,,,
安徽,黄山市广播电视台,1、新闻综合频道,,2、公共频道,,,,,,,,,,,,,,,,,,,,,,
安徽,淮北市广播电视台,1、新闻综合频道（高标清同播）,,2、公共频道（高标清同播）,,,,,,,,,,,,,,,,,,,,,,
安徽,六安市广播电视台,1、综合频道（高标清同播）,,2、公共频道（高标清同播）,,,,,,,,,,,,,,,,,,,,,,
安徽,宿州市广播电视台,1、新闻综合频道（高标清同播）,,2、公共频道（高标清同播）,3、科技教育频道（高标清同播）,,,,,,,,,,,,,,,,,,,,,
安徽,蚌埠市广播电视台,1、新闻频道,,2、公共频道,,,,,,,,,,,,,,,,,,,,,,
安徽,淮南市广播电视台,1、新闻综合频道（高标清同播）,,2、公共频道（高标清同播）,,,,,,,,,,,,,,,,,,,,,,
安徽,池州市广播电视台,1、新闻综合频道（高标清同播）,,2、公共频道（高标清同播）,,,,,,,,,,,,,,,,,,,,,,
安徽,滁州市广播电视台,1、新闻综合频道（高标清同播）,,2、公共频道（高标清同播）,3、科教频道（高标清同播）,,,,,,,,,,,,,,,,,,,,,
安徽,铜陵市广播电视台,1、新闻综合频道（高标清同播）,,2、公共频道（高标清同播）,3、教育科技频道（高标清同播）,,,,,,,,,,,,,,,,,,,,,
安徽,宣城市广播电视台,1、综合频道,,2、公共频道,,,,,,,,,,,,,,,,,,,,,,
安徽,安徽广播电视台,1、新闻综合频道（高标清同播）,,2、经济生活频道（高标清同播）,3、影视频道（高标清同播）,4、综艺?体育频道（高标清同播）,5、农业?科教频道（高标清同播）,6、公共频道（高标清同播）,7、移动电视频道,仅限境外落地的频道：,1、国际频道,,,,,,,,,,,,,,,
安徽,合肥市广播电视台,1、新闻频道（高标清同播）,,2、生活频道（高标清同播）,3、教育法制频道（高标清同播）,4、影院频道,5、财经频道（高标清同播）,6、故事休闲频道（高标清同播）,7、文体博览频道,8、公共频道,,,,,,,,,,,,,,,,
安徽,芜湖市广播电视台,1、新闻综合频道,,2、公共频道,3、皖江购物频道（与合肥、马鞍山、铜陵、安庆电视台联办）,,,,,,,,,,,,,,,,,,,,,
安徽,亳州市广播电视台,1、综合频道,,2、农村频道,,,,,,,,,,,,,,,,,,,,,,
北京,北京广播电视台,1、综合频道（高标清同播）,,2、文艺频道（高标清同播）,3、科教频道（高标清同播）,4、影视频道（高标清同播）,5、财经频道（高标清同播）,6、生活频道（高标清同播）,7、青年频道（高标清同播）,8、新闻频道（高标清同播）,9、卡酷少儿频道（高标清同播）,10、冬奥纪实频道（高标清/4K超高清同播）,仅限境外落地的频道：,1、北京电视台,,,,,,,,,,,,
福建,福建广播电视台,1、综合频道（高标清同播）,,2、东南频道（高标清同播）,3、乡村振兴・公共频道（高标清同播）,4、新闻频道（高标清同播）,5、电视剧频道（高标清同播）,6、旅游频道（高标清同播）,7、经济生活频道（高标清同播）,8、体育频道（高标清同播）,9、少儿频道（高标清同播）,10、福建海峡电视台（高标清同播）,,,,,,,,,,,,,,
福建,厦门市广播电视台,1、综合频道（高标清同播）,,2、海峡频道（高标清同播）,3、影视频道（高标清同播）,4、厦门市电视台卫视频道（高标清同播）,5、全心购物频道,6、移动电视频道,,,,,,,,,,,,,,,,,,
福建,龙岩市广播电视台,1、新闻综合频道（高标清同播）,,2、公共频道（高标清同播）,,,,,,,,,,,,,,,,,,,,,,
福建,漳州市广播电视台,1、新闻综合频道（高标清同播）,,2、公共频道（高标清同播）,,,,,,,,,,,,,,,,,,,,,,
福建,福州市广播电视台,1、新闻综合频道（高标清同播）,,2、影视频道（高标清同播）,3、生活频道（高标清同播）,4、少儿频道（高标清同播）,5、移动电视频道,,,,,,,,,,,,,,,,,,,
福建,泉州市广播电视台,电视节目:,,1、新闻综合频道（高标清同播）,2、都市生活频道,3、影视剧频道,4、闽南语频道,,,,,,,,,,,,,,,,,,,
福建,三明市广播电视台,1、综合频道（高标清同播）,,2、公共频道（高标清同播）,,,,,,,,,,,,,,,,,,,,,,
福建,南平市广播电视台,1、新闻综合频道（高标清同播）,,2、公共频道（高标清同播）,,,,,,,,,,,,,,,,,,,,,,
福建,莆田市广播电视台,1、新闻综合频道（高标清同播）,,2、公共频道（高标清同播）,,,,,,,,,,,,,,,,,,,,,,
福建,宁德市广播电视台,1、新闻综合频道（高标清同播）,,2、公共频道（高标清同播）,,,,,,,,,,,,,,,,,,,,,,
甘肃,甘肃广播电视台,1、综合频道（高标清同播）,,2、经济频道（高标清同播）,3、公共应急频道（高标清同播）,4、都市频道（高标清同播）,5、文化影视频道（高标清同播）,6、少儿频道（高标清同播）,7、移动电视频道,,,,,,,,,,,,,,,,,
甘肃,兰州市广播电视台,1、新闻综合频道（高标清同播）,,2、生活经济频道（高标清同播）,3、综艺体育频道（高标清同播）,4、公共频道（高标清同播）,,,,,,,,,,,,,,,,,,,,
甘肃,嘉峪关市广播电视台,1、综合频道（高标清同播）,,2、公共频道（高标清同播）,,,,,,,,,,,,,,,,,,,,,,
甘肃,金昌市广播电视台,1、综合频道,,2、公共频道,,,,,,,,,,,,,,,,,,,,,,
甘肃,酒泉市广播电视台,1、综合频道（高标清同播）,,2、公共频道（高标清同播）,,,,,,,,,,,,,,,,,,,,,,
甘肃,武威市广播电视台,1、综合频道（高标清同播）,,2、公共频道（高标清同播）,,,,,,,,,,,,,,,,,,,,,,
甘肃,陇南市广播电视台,1、综合频道（高标清同播）,,2、公共频道（高标清同播）,,,,,,,,,,,,,,,,,,,,,,
甘肃,张掖市广播电视台,1、新闻综合频道,,2、公共频道,,,,,,,,,,,,,,,,,,,,,,
甘肃,甘南藏族自治州广播电视台,1、综合频道,,2、综合频道（藏语）,,,,,,,,,,,,,,,,,,,,,,
甘肃,白银市广播电视台,1、综合频道（高标清同播）,,2、公共频道（高标清同播）,,,,,,,,,,,,,,,,,,,,,,
甘肃,天水市广播电视台,1、综合频道（高标清同播）,,2、公共频道（高标清同播）,,,,,,,,,,,,,,,,,,,,,,
甘肃,定西市广播电视台,1、综合频道（高标清同播）,,2、公共频道（高标清同播）,,,,,,,,,,,,,,,,,,,,,,
甘肃,平凉市广播电视台,1、新闻综合频道,,2、公共频道,,,,,,,,,,,,,,,,,,,,,,
甘肃,庆阳市广播电视台,1、新闻综合频道（高标清同播）,,2、公共频道（高标清同播）,,,,,,,,,,,,,,,,,,,,,,
甘肃,临夏回族自治州广播电视台,1、综合频道,,2、公共频道,,,,,,,,,,,,,,,,,,,,,,
广东,广东广播电视台,1、综合频道（高标清同播）,,2、珠江频道（高标清同播）,3、公共频道（高标清同播）,4、体育频道（高标清同播）,5、嘉佳卡通频道（高标清同播）,6、新闻频道（高标清同播）,7、经济科教频道（高标清同播）,8、粤语频道（高标清同播）,9、综艺频道(4K超高清)、,10、影视频道（高标清同播）,11、少儿频道（高标清同播）,12、移动电视频道,仅限境外落地的频道：,1、国际频道,,,,,,,,,,
广东,深圳市广播电视台,1、新闻综合频道（高标清/4K超高清同播）,,2、电视剧频道（高标清同播）,3、都市频道（高标清同播）,4、娱乐频道（高标清同播）,5、体育健康频道（高标清同播）,6、少儿频道（高标清同播）,7、公共频道（高标清同播）,8、财经生活频道（高标清同播）,9、移动电视频道,,,,,,,,,,,,,,,
广东,湛江市广播电视台,1、新闻综合频道（高标清同播）,,2、公共频道（高标清同播）,,,,,,,,,,,,,,,,,,,,,,
广东,汕头市广播电视台,1、新闻综合频道,,2、文旅体育频道,3、经济生活频道,,,,,,,,,,,,,,,,,,,,,
广东,汕尾市广播电视台,1、新闻综合频道（高标清同播）,,2、公共频道（高标清同播）,,,,,,,,,,,,,,,,,,,,,,
广东,肇庆市广播电视台,1、新闻综合频道（高标清同播）,,2、公共频道（高标清同播）,,,,,,,,,,,,,,,,,,,,,,
广东,阳江市广播电视台,1、综合频道（高标清同播）,,2、公共频道（高标清同播）,,,,,,,,,,,,,,,,,,,,,,
广东,佛山市广播电视台,1、综合频道（高标清同播）,,2、影视频道（高标清同播）,3、公共频道（高标清同播）,4、南海频道（高标清同播）,5、顺德频道（高标清同播）,6、三水电视节目：在电视公共频道的预留时段内插播当地新闻和经济类、科技类、法制类、农业类、重大活动类专题、有地方特色的文艺节目以及广告等,7、高明电视节目：在电视公共频道的预留时段内插播当地新闻和经济类、科技类、法制类、农业类、重大活动类专题、有地方特色的文艺节目以及广告等,,,,,,,,,,,,,,,,,
广东,蛇口广播电视台,1、综合频道（高标清同播）,,,,,,,,,,,,,,,,,,,,,,,,
广东,广州市广播电视台,1、综合频道（高标清同播）,,2、新闻频道（高标清同播）,3、南国都市频道（4K超高清频道）,4、竞赛频道（高标清同播）,5、法治频道（高标清同播）,6、影视频道（高标清同播）,,,,,,,,,,,,,,,,,,
广东,河源市广播电视台,1、新闻综合频道（高标清同播）,,2、公共频道（高标清同播）,,,,,,,,,,,,,,,,,,,,,,
广东,中山市广播电视台,电视频道：,,1、综合频道（高标清同播）,2、公共频道（高标清同播）,3、教育频道（高标清同播）,,,,,,,,,,,,,,,,,,,,
广东,惠州市广播电视台,1、新闻综合频道（高标清同播）,,2、公共频道（高标清同播）,,,,,,,,,,,,,,,,,,,,,,
广东,云浮市广播电视台,1、新闻综合频道（高标清同播）,,2、公共频道（高标清同播）,,,,,,,,,,,,,,,,,,,,,,
广东,清远市广播电视台,1、新闻综合频道（高标清同播）,,2、公共频道（高标清同播）,,,,,,,,,,,,,,,,,,,,,,
广东,珠海市广播电视台,1、新闻综合频道（高标清同播）,,2、公共频道（高标清同播）,,,,,,,,,,,,,,,,,,,,,,
广东,东莞市广播电视台,1、新闻综合频道（高标清同播）,,2、公共频道（高标清同播）,,,,,,,,,,,,,,,,,,,,,,
广东,江门市广播电视台,1、综合频道,,（高标清同播）,2、公共频道（高标清同播）,3、教育频道（高标清同播）,,,,,,,,,,,,,,,,,,,,
广东,揭阳市广播电视台,1、新闻综合频道（高标清同播）,,2、公共频道（高标清同播）,,,,,,,,,,,,,,,,,,,,,,
广东,潮州市广播电视台,1、新闻综合频道（高标清同播）,,2、公共频道（高标清同播）,,,,,,,,,,,,,,,,,,,,,,
广东,韶关市广播电视台,1、新闻综合频道（高标清同播）,,2、公共频道（高标清同播）,,,,,,,,,,,,,,,,,,,,,,
广东,梅州市广播电视台,1、综合频道（高标清同播）,,2、公共频道（高标清同播）,,,,,,,,,,,,,,,,,,,,,,
广东,茂名市广播电视台,1、新闻综合频道（高标清同播）,,2、公共频道（高标清同播）,,,,,,,,,,,,,,,,,,,,,,
广西,广西广播电视台,1、综合频道（高标清同播）,,2、综艺旅游频道（高标清同播）,3、都市频道（高标清同播）,4、乐思购频道,5、影视频道（高标清同播）,6、新闻频道（高标清同播）,7、科教频道,8、公共频道（高标清同播）,9、移动电视频道,10、国际频道（仅限境外落地）,,,,,,,,,,,,,,
广西,南宁市广播电视台,1、新闻综合频道（高标清同播）,,2、都市生活频道（高标清同播）,3、影视娱乐频道（高标清同播）,4、公共频道（高标清同播）,,,,,,,,,,,,,,,,,,,,
广西,桂林市广播电视台,1、新闻综合频道（高标清同播）,,2、科教旅游频道,3、公共频道,,,,,,,,,,,,,,,,,,,,,
广西,北海市广播电视台,1、新闻综合频道,,2、经济科教频道,3、公共频道,,,,,,,,,,,,,,,,,,,,,
广西,玉林市广播电视台,1、新闻综合频道,,2、公共频道,,,,,,,,,,,,,,,,,,,,,,
广西,梧州市广播电视台,1、新闻综合频道（高标清同播）,,2、公共频道（高标清同播）,3、教育生活频道（高标清同播）,,,,,,,,,,,,,,,,,,,,,
广西,百色市广播电视台,1、综合频道（高标清同播）,,2、公共频道,,,,,,,,,,,,,,,,,,,,,,
广西,贵港市广播电视台,1、新闻综合频道,,2、公共频道,,,,,,,,,,,,,,,,,,,,,,
广西,钦州市广播电视台,1、综合频道,,2、公共频道,,,,,,,,,,,,,,,,,,,,,,
广西,来宾市广播电视台,1、综合频道,,,,,,,,,,,,,,,,,,,,,,,,
广西,贺州市广播电视台,1、综合频道,,,,,,,,,,,,,,,,,,,,,,,,
广西,崇左市广播电视台,1、综合频道,,,,,,,,,,,,,,,,,,,,,,,,
广西,河池市广播电视台,1、新闻综合频道,,2、教育频道,,,,,,,,,,,,,,,,,,,,,,
广西,柳州市广播电视台,1、新闻综合频道,,2、科教频道,3、公共频道,,,,,,,,,,,,,,,,,,,,,
广西,防城港市广播电视台,1、新闻综合频道,,2、公共频道,,,,,,,,,,,,,,,,,,,,,,
贵州,贵州广播电视台,1、新闻综合频道（高标清同播）,,2、公共频道（高标清同播）,3、影视文艺频道,4、大众生活频道,5、体育旅游频道,6、科教健康频道,7、经济频道,8、家有购物频道（高标清同播）,9、移动电视频道,,,,,,,,,,,,,,,
贵州,贵阳市广播电视台,1、新闻综合频道（高标清同播）,,2、经济生活频道,3、法制频道,4、都市频道,,,,,,,,,,,,,,,,,,,,
贵州,六盘水市广播电视台,1、新闻综合频道,,2、公共频道,,,,,,,,,,,,,,,,,,,,,,
贵州,黔西南布依族苗族自治州广播电视台,1、新闻综合频道（高标清同播）,,2、公共频道（高标清同播）,,,,,,,,,,,,,,,,,,,,,,
贵州,黔东南苗族侗族自治州广播电视台,1、综合频道（高标清同播）,,,,,,,,,,,,,,,,,,,,,,,,
贵州,毕节市广播电视台,1、新闻综合频道,,2、公共频道,,,,,,,,,,,,,,,,,,,,,,
贵州,遵义市广播电视台,1、新闻综合频道,,2、都市频道,3、公共频道,,,,,,,,,,,,,,,,,,,,,
贵州,铜仁市广播电视台,1、新闻综合频道,,2、公共频道,,,,,,,,,,,,,,,,,,,,,,
贵州,黔南布依族苗族自治州广播电视台,1、新闻综合频道（高标清同播）,,2、公共频道（高标清同播）,,,,,,,,,,,,,,,,,,,,,,
贵州,安顺市广播电视台,1、新闻综合频道（高标清同播）,,2、公共频道,,,,,,,,,,,,,,,,,,,,,,
海南,海南广播电视台,1、综合频道（高标清同播）,,2、经济生活频道（高标清同播）,3、公共频道（高标清同播）,4、文旅频道（高标清同播）,5、少儿频道（高标清同播）,6、新闻频道（高标清同播）,7、移动电视频道,,,,,,,,,,,,,,,,,
海南,海口市广播电视台,1、综合频道（高标清同播）,,2、生活娱乐频道（高标清同播）,3、城乡经济频道（高标清同播）,,,,,,,,,,,,,,,,,,,,,
海南,三亚市广播电视台,1、新闻综合频道,,,,,,,,,,,,,,,,,,,,,,,,
海南,三沙市广播电视台,1、三沙综合频道（高标清同播）,,,,,,,,,,,,,,,,,,,,,,,,
海南,儋州市广播电视台,1、综合频道（高标清同播）,,,,,,,,,,,,,,,,,,,,,,,,
河北,邢台市广播电视台,1、综合频道（高标清同播）,,2、城市生活频道（高标清同播）,,,,,,,,,,,,,,,,,,,,,,
河北,河北广播电视台,1、新闻综合频道（高标清同播）,,2、经济生活频道（高标清同播）,3、都市频道（高标清同播）,4、影视剧频道（高标清同播）,5、少儿科技频道（高标清同播）,6、公共频道（高标清同播）,7、农民频道（高标清同播）,,,,,,,,,,,,,,,,,
河北,石家庄市广播电视台,1、新闻综合频道（高标清同播）,,2、娱乐频道,3、生活频道,4、都市频道,5、移动电视频道,,,,,,,,,,,,,,,,,,,
河北,保定市广播电视台,1、新闻综合频道（高标清同播）,,2、公共频道,3、生活健康频道,,,,,,,,,,,,,,,,,,,,,
河北,张家口市广播电视台,1、新闻综合频道（高标清同播）,,2、公共频道（高标清同播）,,,,,,,,,,,,,,,,,,,,,,
河北,承德市广播电视台,1、综合频道（高标清同播）,,2、公共频道（高标清同播）,,,,,,,,,,,,,,,,,,,,,,
河北,邯郸市广播电视台,1、新闻综合频道（高标清同播）,,2、科技教育（高标清同播）,3、公共频道（高标清同播）,,,,,,,,,,,,,,,,,,,,,
河北,唐山市广播电视台,1、新闻综合频道（高标清同播）,,2、生活服务频道（高标清同播）,3、影视频道（高标清同播）,4、公共频道（高标清同播）,,,,,,,,,,,,,,,,,,,,
河北,秦皇岛市广播电视台,1、新闻综合频道,,2、公共频道,3、影视频道,,,,,,,,,,,,,,,,,,,,,
河北,沧州市广播电视台,1、新闻综合频道（高标清同播）,,2、公共频道（高标清同播）,3、影视娱乐（高标清同播）,,,,,,,,,,,,,,,,,,,,,
河北,衡水市广播电视台,1、新闻综合频道（高标清同播）,,2、公共频道（高标清同播）,,,,,,,,,,,,,,,,,,,,,,
河北,廊坊市广播电视台,电视节目：,,1、新闻综合频道（高标清同播）,2、公共频道（高标清同播）,,,,,,,,,,,,,,,,,,,,,
河南,河南广播电视台,1、综合频道（高标清同播）,,2、都市频道（高标清同播）,3、民生频道（高标清同播）,4、法治频道,5、电视剧频道,6、新闻频道,7、欢腾购物频道,8、公共频道,9、乡村频道,10、移动电视频道,仅限境外落地的频道：,1、中华功夫卫星电视频道,2、国际频道,,,,,,,,,,,
河南,郑州市广播电视台,1、新闻综合频道,,2、商都频道,3、文体旅游频道,4、影视戏曲频道,5、妇女儿童频道,6、都市生活频道,,,,,,,,,,,,,,,,,,
河南,漯河市广播电视台,1、新闻综合频道,,2、公共频道,,,,,,,,,,,,,,,,,,,,,,
河南,周口市广播电视台,1、新闻综合频道,,2、教育频道,3、公共频道,,,,,,,,,,,,,,,,,,,,,
河南,洛阳市广播电视台,1、新闻综合频道（高标清同播）,,2、科教频道（高标清同播）,3、文旅频道（高标清同播）,,,,,,,,,,,,,,,,,,,,,
河南,南阳市广播电视台,1、新闻综合频道,,2、科教频道,3、公共频道,,,,,,,,,,,,,,,,,,,,,
河南,新乡市广播电视台,1、新闻综合频道,,2、公共频道,,,,,,,,,,,,,,,,,,,,,,
河南,商丘市广播电视台,1、新闻综合频道,,2、公共频道,3、文体科教频道,,,,,,,,,,,,,,,,,,,,,
河南,濮阳市广播电视台,1、新闻综合频道,,2、公共频道,3、科教频道,,,,,,,,,,,,,,,,,,,,,
河南,三门峡市广播电视台,1、新闻综合频道,,2、公共频道,,,,,,,,,,,,,,,,,,,,,,
河南,信阳市广播电视台,电视频道：,,1、新闻综合频道,2、公共频道,,,,,,,,,,,,,,,,,,,,,
河南,开封市广播电视台,1、新闻综合频道,,2、文化旅游频道,,,,,,,,,,,,,,,,,,,,,,
河南,安阳市广播电视台,1、新闻综合频道,,2、科教频道,3、公共频道,,,,,,,,,,,,,,,,,,,,,
河南,许昌市广播电视台,1、新闻综合频道,,2、公共频道,3、农业科技教育频道,,,,,,,,,,,,,,,,,,,,,
河南,焦作市广播电视台,1、新闻综合频道,,2、公共频道,,,,,,,,,,,,,,,,,,,,,,
河南,平顶山市广播电视台,1、新闻综合频道,,2、公共频道,3、城市频道,,,,,,,,,,,,,,,,,,,,,
河南,鹤壁市广播电视台,1、新闻综合频道,,,,,,,,,,,,,,,,,,,,,,,,
河南,驻马店市广播电视台,电视频道：,,1、新闻综合频道,2、科教频道,3、公共频道,,,,,,,,,,,,,,,,,,,,
黑龙江,黑龙江广播电视台,1、综合频道（高标清同播）,,2、影视频道（高标清同播）,3、文体频道（高标清同播）,4、都市频道（高标清同播）,5、新闻・法治频道（高标清同播）,6、公共・农业频道（高标清同播）,7、少儿频道（高标清同播）,8、移动电视频道,,,,,,,,,,,,,,,,
黑龙江,哈尔滨市广播电视台,1、新闻综合频道（高标清同播）,,2、生活频道,3、影视频道,4、娱乐频道,5、都市资讯频道,6、天鹅购物频道,,,,,,,,,,,,,,,,,,
黑龙江,牡丹江市广播电视台,1、新闻综合频道,,2、公共频道,3、教育频道,,,,,,,,,,,,,,,,,,,,,
黑龙江,七台河市广播电视台,1、新闻综合频道（高标清同播）,,2、公共频道（高标清同播）,,,,,,,,,,,,,,,,,,,,,,
黑龙江,大庆市广播电视台,1、新闻综合频道,,2、公共频道,3、教育频道,,,,,,,,,,,,,,,,,,,,,
黑龙江,鹤岗市广播电视台,1、新闻综合频道,,2、公共频道,,,,,,,,,,,,,,,,,,,,,,
黑龙江,齐齐哈尔市广播电视台,1、新闻综合频道,,2、公共频道,,,,,,,,,,,,,,,,,,,,,,
黑龙江,伊春市广播电视台,1、新闻综合频道（高标清同播）,,2、公共频道（高标清同播）,,,,,,,,,,,,,,,,,,,,,,
黑龙江,鸡西市广播电视台,1、新闻综合频道,,2、公共频道,,,,,,,,,,,,,,,,,,,,,,
黑龙江,绥化市广播电视台,1、新闻综合频道,,2、公共频道,,,,,,,,,,,,,,,,,,,,,,
黑龙江,大兴安岭地区广播电视台,1、新闻综合频道（高标清同播）,,2、公共频道（高标清同播）,,,,,,,,,,,,,,,,,,,,,,
黑龙江,双鸭山市广播电视台,1、新闻综合频道,,2、公共频道,,,,,,,,,,,,,,,,,,,,,,
黑龙江,佳木斯市广播电视台,1、新闻综合频道,,2、公共频道,,,,,,,,,,,,,,,,,,,,,,
黑龙江,黑河市广播电视台,1、新闻综合频道（高标清同播）,,2、公共频道（高标清同播）,,,,,,,,,,,,,,,,,,,,,,
湖北,湖北广播电视台,1、综合频道（高标清同播）,,2、文艺频道（高标清同播）,3、经济频道（高标清同播）,4、美嘉购物频道（高标清同播）,5、影视频道（高标清同播）,6、生活频道（高标清同播）,7、教育频道（高标清同播）,8、公共・新闻频道（高标清同播）,9、垄上频道（高标清同播）,,,,,,,,,,,,,,,
湖北,黄石市广播电视台,1、新闻综合频道（高标清同播）,,2、都市频道（高标清同播）,3、公共频道（高标清同播）,,,,,,,,,,,,,,,,,,,,,
湖北,孝感市广播电视台,1、新闻综合频道(高标清同播),,2、公共频道(高标清同播),,,,,,,,,,,,,,,,,,,,,,
湖北,宜昌三峡广播电视台,1、综合频道（高标清同播）,,2、旅游生活频道（高标清同播）,3、公共频道（高标清同播）,,,,,,,,,,,,,,,,,,,,,
湖北,荆州市广播电视台,1、新闻频道（高标清同播）,,2、垄上频道（高标清同播）,3、公共频道（高标清同播）,,,,,,,,,,,,,,,,,,,,,
湖北,黄冈市广播电视台,1、新闻频道（高标清同播）,,2、公共频道（高标清同播）,,,,,,,,,,,,,,,,,,,,,,
湖北,恩施土家族苗族自治州广播电视台,1、新闻综合频道（高标清同播）,,2、文旅频道（高标清同播）,,,,,,,,,,,,,,,,,,,,,,
湖北,武汉市广播电视台,1、新闻综合频道（高标清同播）,,2、电视剧频道（高标清同播）,3、科技生活频道,4、经济频道,5、文体频道（高标清同播）,6、外语频道,7、少儿频道,8、广通购物频道,,,,,,,,,,,,,,,,
湖北,鄂州市广播电视台,1、新闻综合频道,,2、公共频道,,,,,,,,,,,,,,,,,,,,,,
湖北,荆门市广播电视台,1、新闻频道（高标清同播）,,2、教育频道,3、公共频道,,,,,,,,,,,,,,,,,,,,,
湖北,十堰市广播电视台,1、新闻频道（高标清同播）,,2、经济旅游频道（高标清同播）,3、公共频道（高标清同播）,,,,,,,,,,,,,,,,,,,,,
湖北,襄阳市广播电视台,1、综合频道（高标清同播）,,2、经济生活频道（高标清同播）,3、公共频道（高标清同播）,,,,,,,,,,,,,,,,,,,,,
湖北,随州市广播电视台,1、综合频道,,2、农村频道,,,,,,,,,,,,,,,,,,,,,,
湖北,咸宁市广播电视台,1、综合频道（高标清同播）,,2、公共频道,,,,,,,,,,,,,,,,,,,,,,
湖南,湖南广播电视台,1、新闻综合频道（高标清同播）,,2、经视频道（高标清同播）,3、都市频道（高标清同播）,4、金鹰纪实频道（高标清同播）,5、娱乐频道（高标清同播）,6、电视剧频道（高标清同播）,7、公共频道,8、电影频道（高标清同播）,9、金鹰卡通频道（高标清同播）,10、快乐购物频道（高标清同播）,仅限境外落地的频道：,1、国际频道,,,,,,,,,,,,
湖南,长沙市广播电视台,1、新闻频道（高标清同播）,,2、政法频道（高标清同播）,3、女性频道,4、影视频道（高标清同播）,5、嘉丽购物频道（与株洲市、湘潭市电视台联办）,6、移动电视频道,,,,,,,,,,,,,,,,,,
湖南,常德市广播电视台,1、新闻综合频道（高标清同播）,,2、公共频道（高标清同播）,,,,,,,,,,,,,,,,,,,,,,
湖南,邵阳市广播电视台,1、新闻综合频道（高标清同播）,,2、公共频道,,,,,,,,,,,,,,,,,,,,,,
湖南,岳阳市广播电视台,1、新闻综合频道（高标清同播）,,2、科教频道（高标清同播）,3、公共频道（高标清同播）,,,,,,,,,,,,,,,,,,,,,
湖南,湘西土家族苗族自治州广播电视台,1、新闻综合频道（高标清同播）,,2、公共频道（高标清同播）,,,,,,,,,,,,,,,,,,,,,,
湖南,湘潭市广播电视台,1、综合频道（高标清同播）,,2、公共频道,,,,,,,,,,,,,,,,,,,,,,
湖南,衡阳市广播电视台,1、新闻综合频道,,2、公共频道,,,,,,,,,,,,,,,,,,,,,,
湖南,永州市广播电视台,1、新闻综合频道（高标清同播）,,2、公共频道（高标清同播,,,,,,,,,,,,,,,,,,,,,,
湖南,娄底市广播电视台,1、综合频道（高标清同播）,,2、公共频道（高标清同播）,,,,,,,,,,,,,,,,,,,,,,
湖南,张家界市广播电视台,1、新闻综合频道（高标清同播）,,2、公共频道（高标清同播）,,,,,,,,,,,,,,,,,,,,,,
湖南,郴州市广播电视台,1、新闻综合频道（高标清同播）,,2、公共频道（高标清同播）,,,,,,,,,,,,,,,,,,,,,,
湖南,株洲市广播电视台,1、新闻综合频道,,2、公共频道,,,,,,,,,,,,,,,,,,,,,,
湖南,怀化市广播电视台,1、新闻综合频道（高标清同播）,,2、公共频道（高标清同播）,,,,,,,,,,,,,,,,,,,,,,
湖南,益阳市广播电视台,1、新闻综合频道（高标清同播）,,2、公共频道,,,,,,,,,,,,,,,,,,,,,,
吉林,吉林广播电视台,1、综合频道（高标清同播）,,2、都市频道（高标清同播）,3、生活频道（高标清同播）,4、影视频道（高标清同播）,5、乡村频道（高标清同播）,6、综艺・文化频道（高标清同播）,7、公共・新闻频道（高标清同播）,8、长影频道,9、延边卫视频道,,,,,,,,,,,,,,,
吉林,长春市广播电视台,1、综合频道（高标清同播）,,2、娱乐频道,3、市民生活频道,4、经济频道,5、汽车频道,,,,,,,,,,,,,,,,,,,
吉林,通化市广播电视台,1、新闻综合频道,,2、科教频道,3、公共频道,,,,,,,,,,,,,,,,,,,,,
吉林,辽源市广播电视台,1、新闻综合频道（高标清同播）,,2、公共频道,,,,,,,,,,,,,,,,,,,,,,
吉林,四平市广播电视台,1、新闻综合频道（高标清同播）,,2、公共频道（高标清同播）,,,,,,,,,,,,,,,,,,,,,,
吉林,白山市广播电视台,1、新闻综合频道,,2、公共频道,,,,,,,,,,,,,,,,,,,,,,
吉林,白城市广播电视台,1、新闻综合频道,,2、公共频道,,,,,,,,,,,,,,,,,,,,,,
吉林,吉林市广播电视台,1、新闻综合频道,,2、科教频道,3、公共频道,,,,,,,,,,,,,,,,,,,,,
吉林,延边朝鲜族自治州广播电视台,1、朝鲜语综合频道,,2、汉语综合频道,,,,,,,,,,,,,,,,,,,,,,
吉林,松原市广播电视台,1、新闻综合频道,,2、公共频道,,,,,,,,,,,,,,,,,,,,,,
江苏,江苏广播电视台,1、综合频道（高标清同播）,,2、城市频道（高标清同播）,3、综艺频道（高标清同播）,4、影视频道（高标清同播）,5、好享购物频道（高标清同播）,6、体育休闲频道（高标清同播）,7、公共・新闻频道（高标清同播）,8、优漫卡通频道（高标清同播）,9、教育频道（高标清同播）,仅限境外落地的频道：,1、国际频道,,,,,,,,,,,,,
江苏,南京市广播电视台,1、新闻综合频道（高标清同播）,,2、影视频道（高标清同播）,3、生活频道,4、娱乐频道（高标清同播）,5、信息频道（高标清同播）,6、教育科技频道（高标清同播）,7、少儿频道（高标清同播）,8、十八频道,,,,,,,,,,,,,,,,
江苏,苏州市广播电视台,1、新闻综合频道（高标清同播）,,2、文化生活频道（高标清同播）,3、社会经济频道（高标清同播）,4、电影娱乐信息频道（高标清同播）,5、生活资讯频道（高标清同播）,6、移动电视频道,,,,,,,,,,,,,,,,,,
江苏,宿迁市广播电视台,1、新闻综合频道（高标清同播）,,2、公共频道（高标清同播）,,,,,,,,,,,,,,,,,,,,,,
江苏,无锡市广播电视台,1、新闻综合频道（高标清同播）,,2、娱乐频道（高标清同播）,3、都市资讯频道（高标清同播）,4、经济频道（高标清同播）,5、生活频道（高标清同播）,6、影视频道（高标清同播）,7、移动电视频道,,,,,,,,,,,,,,,,,
江苏,连云港市广播电视台,1、新闻综合频道（高标清同播）,,2、公共频道（高标清同播）,,,,,,,,,,,,,,,,,,,,,,
江苏,常州市广播电视台,1、新闻综合频道（高标清同播）,,2、生活频道（高标清同播）,3、都市频道（高标清同播）,4、公共频道（高标清同播）,,,,,,,,,,,,,,,,,,,,
江苏,南通市广播电视台,1、新闻综合频道（高标清同播）,,2、教育频道（高标清同播）,3、公共频道（高标清同播）,,,,,,,,,,,,,,,,,,,,,
江苏,淮安市广播电视台,1、综合频道（高标清同播）,,2、公共频道（高标清同播）,3、影视娱乐频道（高标清同播）,,,,,,,,,,,,,,,,,,,,,
江苏,镇江市广播电视台,1、新闻综合频道（高标清同播）,,2、教育频道,3、公共频道,,,,,,,,,,,,,,,,,,,,,
江苏,徐州市广播电视台,1、新闻综合频道（高标清同播）,,2、经济生活频道（高标清同播）,3、文艺影视频道（高标清同播）,4、公共频道（高标清同播）,,,,,,,,,,,,,,,,,,,,
江苏,扬州市广播电视台,1、新闻综合频道（高标清同播）,,2、教育频道（高标清同播）,3、公共频道（高标清同播）,,,,,,,,,,,,,,,,,,,,,
江苏,盐城市广播电视台,1、新闻综合频道（高标清同播）,,2、教育频道,3、公共频道,,,,,,,,,,,,,,,,,,,,,
江苏,泰州市广播电视台,1、新闻综合频道（高标清同播）,,2、教育频道（高标清同播）,3、公共频道（高标清同播）,,,,,,,,,,,,,,,,,,,,,
江西,江西广播电视台,1、综合频道（高标清同播）,,2、都市频道,3、经济生活频道（高标清同播）,4、影视・旅游频道,5、公共・农业频道,6、少儿频道（高标清同播）,7、新闻频道（高标清同播）,8、移动电视频道,,,,,,,,,,,,,,,,
江西,新余市广播电视台,1、新闻综合频道（高标清同播）,,2、公共频道,3、教育频道,,,,,,,,,,,,,,,,,,,,,
江西,九江市广播电视台,1、新闻综合频道（高标清同播）,,2、公共频道（高标清同播）,3、教育频道（高标清同播）,,,,,,,,,,,,,,,,,,,,,
江西,萍乡市广播电视台,1、新闻综合频道（高标清同播）,,2、公共频道,3、教育频道,,,,,,,,,,,,,,,,,,,,,
江西,赣州市广播电视台,电视节目,,1、新闻综合频道（高标清同播）,2、公共频道（高标清同播）,3、教育频道（高标清同播）,,,,,,,,,,,,,,,,,,,,
江西,南昌市广播电视台,1、新闻综合频道（高标清同播）,,2、都市频道（高标清同播）,3、资讯频道（高标清同播）,4、公共频道（高标清同播）,,,,,,,,,,,,,,,,,,,,
江西,鹰潭市广播电视台,1、综合频道（高标清同播）,,2、公共频道（高标清同播）,,,,,,,,,,,,,,,,,,,,,,
江西,吉安市广播电视台,1、综合频道（高标清同播）,,2、公共频道（高标清同播）,,,,,,,,,,,,,,,,,,,,,,
江西,景德镇市广播电视台,1、新闻综合频道,,2、公共频道,,,,,,,,,,,,,,,,,,,,,,
江西,宜春市广播电视台,1、综合频道,,2、公共频道,,,,,,,,,,,,,,,,,,,,,,
江西,上饶市广播电视台,1、新闻综合频道（高标清同播）,,2、公共频道（高标清同播）,,,,,,,,,,,,,,,,,,,,,,
江西,抚州市广播电视台,1、综合频道（高标清同播）,,2、公共频道,,,,,,,,,,,,,,,,,,,,,,
辽宁,大连开发区广播电视台,1、综合频道,,,,,,,,,,,,,,,,,,,,,,,,
辽宁,铁岭市广播电视台,1、新闻综合频道,,2、公共频道,,,,,,,,,,,,,,,,,,,,,,
辽宁,辽宁广播电视台,1、综合频道（高标清同播）,,2、都市频道,3、公共频道（辽沈合作）（高标清同播）,4、教育・青少频道（辽沈合作）,5、经济频道（辽沈合作）（高标清同播）,6、生活频道（辽沈合作）,7、影视剧频道（辽沈合作）,8、体育频道（辽沈合作）,9、北方频道（辽沈合作）,10、宜佳购物频道（辽沈合作）,11、移动电视频道,,,,,,,,,,,,,
辽宁,沈阳市广播电视台,1、新闻综合频道(高标清同播),,,,,,,,,,,,,,,,,,,,,,,,
辽宁,大连市广播电视台,1、新闻综合频道（高标清同播）,,2、生活频道,3、公共频道,4、文体频道,5、综合影视频道,6、财经频道,7、乐天购物频道（高标清同播）,8、少儿频道,,,,,,,,,,,,,,,,
辽宁,盘锦市广播电视台,1、新闻综合频道,,2、公共频道,,,,,,,,,,,,,,,,,,,,,,
辽宁,朝阳市广播电视台,1、新闻综合频道,,2、公共频道,3、教育频道,,,,,,,,,,,,,,,,,,,,,
辽宁,阜新市广播电视台,1、综合频道,,2、公共频道,3、教育频道,,,,,,,,,,,,,,,,,,,,,
辽宁,辽阳市广播电视台,1、新闻综合频道,,2、公共频道,,,,,,,,,,,,,,,,,,,,,,
辽宁,葫芦岛市广播电视台,1、新闻综合频道（高标清同播）,,2、公共频道（高标清同播）,,,,,,,,,,,,,,,,,,,,,,
辽宁,营口市广播电视台,1、新闻综合频道（高标清同播）,,2、公共频道,,,,,,,,,,,,,,,,,,,,,,
辽宁,锦州市广播电视台,1、新闻综合频道,,2、教育频道,3、公共频道,,,,,,,,,,,,,,,,,,,,,
辽宁,本溪市广播电视台,1、综合频道,,2、公共频道,3、科教频道,,,,,,,,,,,,,,,,,,,,,
辽宁,抚顺市广播电视台,1、综合频道,,2、公共频道,3、教育频道,,,,,,,,,,,,,,,,,,,,,
辽宁,丹东市广播电视台,1、新闻综合频道,,2、公共频道,,,,,,,,,,,,,,,,,,,,,,
辽宁,鞍山市广播电视台,1、新闻综合频道（高标清同播）,,2、公共频道（高标清同播）,,,,,,,,,,,,,,,,,,,,,,
内蒙古,内蒙古广播电视台,1、新闻综合频道（蒙语）（高标清同播）,,2、综合频道（汉语）（高标清同播）,3、文体娱乐频道（高标清同播）,4、经济生活频道（高标清同播）,5、新闻综合频道（高标清同播）,6、农牧频道（高标清同播）,7、少儿频道（高标清同播）,8、蒙语文化频道（高标清同播）,,,,,,,,,,,,,,,,
内蒙古,兴安盟广播电视台,1、新闻综合频道（高标清同播）,,2、影视娱乐频道,3、文化旅游频道,,,,,,,,,,,,,,,,,,,,,
内蒙古,呼和浩特市广播电视台,1、新闻综合频道（高标清同播）,,2、都市生活频道（高标清同播）,3、影视娱乐频道（高标清同播）,,,,,,,,,,,,,,,,,,,,,
内蒙古,呼伦贝尔市广播电视台,1、新闻综合频道（高标清同播）,,2、文化旅游频道（高标清同播）,3、生活资讯频道（高标清同播）,,,,,,,,,,,,,,,,,,,,,
内蒙古,乌兰察布市广播电视台,1、新闻综合频道（高标清同播）,,2、经济生活频道（高标清同播）,3、生活频道（高标清同播）,,,,,,,,,,,,,,,,,,,,,
内蒙古,阿拉善盟广播电视台,1、新闻综合频道,,2、经济生活频道,,,,,,,,,,,,,,,,,,,,,,
内蒙古,包头市广播电视台,1、新闻综合频道(蒙、汉语共用）（高标清同播）,,2、生活服务频道（高标清同播）,3、经济频道（高标清同播）,,,,,,,,,,,,,,,,,,,,,
内蒙古,锡林郭勒盟广播电视台,1、新闻综合频道,,2、影视娱乐频道,,,,,,,,,,,,,,,,,,,,,,
内蒙古,鄂尔多斯市广播电视台,1、新闻综合频道（高标清同播）,,2、经济服务频道（高标清同播）,3、城市生活频道（高标清同播）,4、蒙语新闻综合频道（高标清同播）,,,,,,,,,,,,,,,,,,,,
内蒙古,通辽市广播电视台,1、新闻综合频道（高标清同播）,,2、城市服务频道,3、蒙语综合频道（高标清同播）,,,,,,,,,,,,,,,,,,,,,
内蒙古,巴彦淖尔市广播电视台,1、新闻综合频道（汉语、蒙语）（高标清同播）,,2、经济生活频道（高标清同播）,3、影视娱乐频道（高标清同播）,,,,,,,,,,,,,,,,,,,,,
内蒙古,乌海市广播电视台,1、新闻综合频道（高标清同播）,,2、都市生活频道（高标清同播）,,,,,,,,,,,,,,,,,,,,,,
内蒙古,赤峰市广播电视台,1、新闻综合频道（高标清同播）,,2、经济服务频道（高标清同播）,3、影视娱乐频道（高标清同播）,,,,,,,,,,,,,,,,,,,,,
宁夏,银川市广播电视台,1、公共频道（高标清同播）,,2、生活频道,3、文体频道,,,,,,,,,,,,,,,,,,,,,
宁夏,宁夏广播电视台,1、综合频道(高标清同播),,2、经济频道（高标清同播）,3、影视频道（高标清同播）,4、公共频道（高标清同播）,5、少儿频道（高标清同播）,,,,,,,,,,,,,,,,,,,
宁夏,石嘴山市广播电视台,1、综合频道(高标清同播),,2、公共频道,,,,,,,,,,,,,,,,,,,,,,
宁夏,吴忠市广播电视台,1、综合频道,,2、公共频道,,,,,,,,,,,,,,,,,,,,,,
宁夏,中卫市广播电视台,1、综合频道,,,,,,,,,,,,,,,,,,,,,,,,
宁夏,固原市广播电视台,1、公共频道,,,,,,,,,,,,,,,,,,,,,,,,
青海,青海广播电视台,1、新闻综合频道（高标清同播）,,2、经济生活频道（高标清同播）,3、安多藏语综合频道（高标清同播）,4、都市频道（高标清同播）,,,,,,,,,,,,,,,,,,,,
青海,西宁市广播电视台,1、新闻综合频道（高标清同播）,,2、生活服务频道（高标清同播）,,,,,,,,,,,,,,,,,,,,,,
青海,海南藏族自治州广播电视台,1、新闻综合频道（高标清同播）,,,,,,,,,,,,,,,,,,,,,,,,
青海,海西蒙古族藏族自治州广播电视台,1、新闻综合频道,,,,,,,,,,,,,,,,,,,,,,,,
青海,黄南藏族自治州广播电视台,1、综合频道,,,,,,,,,,,,,,,,,,,,,,,,
青海,果洛藏族自治州广播电视台,1、综合频道,,,,,,,,,,,,,,,,,,,,,,,,
青海,海北藏族自治州广播电视台,1、新闻综合频道（高标清同播）,,,,,,,,,,,,,,,,,,,,,,,,
青海,海东地区广播电视台,1、综合频道,,,,,,,,,,,,,,,,,,,,,,,,
青海,玉树藏族自治州广播电视台,1、康巴藏语综合频道（高标清同播）,,,,,,,,,,,,,,,,,,,,,,,,
上海,上海广播电视台,电视频道：,,1、新闻综合频道（高标清同播）,2、东方影视频道（高标清同播）,3、第一财经（高标清同播）,4、五星体育频道（高标清同播）,5、纪实人文频道（高标清同播）,6、都市频道（高标清同播）,7、外语频道（高标清同播）,8、东方购物频道（高标清同播）,9、哈哈炫动频道（高标清同播）,10、东方卫视（高标清同播）,11、移动电视频道,仅限境外落地的频道：,1、东方卫视国际频道,,,,,,,,,,
山东,聊城市广播电视台,1、综合频道（高标清同播）,,2、公共频道（高标清同播）,,,,,,,,,,,,,,,,,,,,,,
山东,滨州市广播电视台,1、新闻综合频道（高标清同播）,,2、公共频道,,,,,,,,,,,,,,,,,,,,,,
山东,山东广播电视台,1、综合频道（高标清同播）,,2、齐鲁频道（高标清同播）,3、文旅频道（高标清同播）,4、综艺频道（高标清同播）,5、生活频道（高标清同播）,6、体育频道（高标清同播）,7、农村科普频道（高标清同播）,8、新闻频道（高标清同播）,9、少儿频道（高标清同播）,,,,,,,,,,,,,,,
山东,济南市广播电视台,1、新闻综合频道（高标清同播）,,2、都市频道（高标清同播）,3、影视频道（高标清同播）,4、娱乐频道,5、生活频道（高标清同播）,6、商务频道,7、少儿频道,8、移动电视频道,9、鲁中频道（高标清同播）,10、科教频道,,,,,,,,,,,,,,
山东,青岛市广播电视台,1、新闻综合频道（高标清同播）,,2、经济生活频道（高标清同播）,3、影视频道（高标清同播）,4、文化娱乐频道（高标清同播）,5、体育休闲频道（高标清同播）,6、教育频道（高标清同播）,7、移动电视频道,,,,,,,,,,,,,,,,,
山东,淄博市广播电视台,1、新闻频道（高标清同播）,,2、都市频道（高标清同播）,3、生活频道（高标清同播）,4、公共频道（高标清同播）,5、科教频道（高标清同播）,,,,,,,,,,,,,,,,,,,
山东,枣庄市广播电视台,1、新闻综合频道（高标清同播）,,2、教育频道（高标清同播）,3、公共频道（高标清同播）,,,,,,,,,,,,,,,,,,,,,
山东,德州市广播电视台,1、新闻综合频道（高标清同播）,,2、公共频道（高标清同播）,,,,,,,,,,,,,,,,,,,,,,
山东,潍坊市广播电视台,电视频道：,,1、新闻综合频道（高标清同播）,2、农业频道（高标清同播）,3、公共频道（高标清同播）,4、科教频道（高标清同播）,,,,,,,,,,,,,,,,,,,
山东,东营市广播电视台,1、新闻综合频道（高标清同播）,,2、公共频道（高标清同播）,3、科教频道,,,,,,,,,,,,,,,,,,,,,
山东,日照市广播电视台,1、新闻综合频道（高标清同播）,,2、科教频道（高标清同播）,3、公共频道（高标清同播）,,,,,,,,,,,,,,,,,,,,,
山东,临沂市广播电视台,1、综合频道（高标清同播）,,2、农村科普频道（高标清同播）,3、公共频道（高标清同播）,,,,,,,,,,,,,,,,,,,,,
山东,菏泽市广播电视台,1、综合频道（高标清同播）,,2、公共频道（高标清同播）,,,,,,,,,,,,,,,,,,,,,,
山东,烟台市广播电视台,1、新闻综合频道（高标清同播）,,2、经济科技频道（高标清同播）,3、影视频道（高标清同播）,4、公共频道（高标清同播）,,,,,,,,,,,,,,,,,,,,
山东,威海市广播电视台,1、新闻综合频道,,2、公共频道,,,,,,,,,,,,,,,,,,,,,,
山东,泰安市广播电视台,1、综合频道（高标清同播）,,2、公共频道,3、教科频道,,,,,,,,,,,,,,,,,,,,,
山东,济宁市广播电视台,1、综合频道（高标清同播）,,2、教育频道（高标清同播）,3、公共频道（高标清同播）,,,,,,,,,,,,,,,,,,,,,
山西,山西广播电视台,1、新闻综合频道（高标清同播）,,2、山西黄河电视台（高标清同播）,3、经济与科技频道（高标清同播）,4、影视频道（高标清同播）,5、社会与法治频道（高标清同播）,6、公共频道（高标清同播）,仅限境外落地的频道：,1、教育文化频道,,,,,,,,,,,,,,,,
山西,太原市广播电视台,1、新闻综合频道（高标清同播）,,2、经济生活频道,3、社教法制频道（高标清同播）,4、影视频道,5、文体频道,,,,,,,,,,,,,,,,,,,
山西,阳泉市广播电视台,1、新闻综合频道（高标清同播）,,2、科教频道（高标清同播）,,,,,,,,,,,,,,,,,,,,,,
山西,大同市广播电视台,1、新闻综合频道（高标清同播）,,2、公共频道（高标清同播）,3、煤都生活频道（高标清同播）,,,,,,,,,,,,,,,,,,,,,
山西,朔州市广播电视台,1、新闻综合频道（高标清同播）,,2、公共频道（高标清同播）,,,,,,,,,,,,,,,,,,,,,,
山西,晋城市广播电视台,电视频道：,,1、新闻综合频道（高标清同播）,2、公共频道（高标清同播）,,,,,,,,,,,,,,,,,,,,,
山西,长治市广播电视台,1、新闻综合频道（高标清同播）,,2、公共・少儿频道（高标清同播）,,,,,,,,,,,,,,,,,,,,,,
山西,吕梁市广播电视台,1、新闻综合频道（高标清同播）,,2、公共频道（高标清同播）,,,,,,,,,,,,,,,,,,,,,,
山西,晋中市广播电视台,1、综合频道（高标清同播）,,2、公共频道（高标清同播）,,,,,,,,,,,,,,,,,,,,,,
山西,忻州市广播电视台,1、综合频道（高标清同播）,,2、公共频道（高标清同播）,,,,,,,,,,,,,,,,,,,,,,
山西,临汾市广播电视台,1、综合频道（高标清同播）,,2、公共频道（高标清同播）,3、科教频道（高标清同播）,,,,,,,,,,,,,,,,,,,,,
山西,运城市广播电视台,1、综合频道,,2、公共频道,3、科教频道,,,,,,,,,,,,,,,,,,,,,
陕西,陕西广播电视台,1、综合频道（高标清同播）,,2、新闻资讯频道（高标清同播）,3、都市青春频道（高标清同播）,4、生活频道,5、影视频道,6、公共频道,7、体育休闲频道,8、西部电影频道,9、农林科技频道,10、乐家电视购物频道,11、移动电视频道,,,,,,,,,,,,,
陕西,宝鸡市广播电视台,1、综合频道（高标清同播）,,2、公共频道（高标清同播）,,,,,,,,,,,,,,,,,,,,,,
陕西,渭南市广播电视台,1、新闻综合频道（高标清同播）,,2、公共频道,,,,,,,,,,,,,,,,,,,,,,
陕西,西安市广播电视台,1、新闻综合频道,,2、都市频道,3、商务资讯频道,4、影视频道,5、文化旅游频道,6、乐购购物频道,7、移动电视频道,,,,,,,,,,,,,,,,,
陕西,汉中市广播电视台,1、综合频道,,2、公共频道,3、教育频道,,,,,,,,,,,,,,,,,,,,,
陕西,铜川市广播电视台,1、综合频道（高标清同播）,,2、公共频道（高标清同播）,,,,,,,,,,,,,,,,,,,,,,
陕西,榆林市广播电视台,1、综合频道（高标清同播）,,2、公共频道（高标清同播）,,,,,,,,,,,,,,,,,,,,,,
陕西,商洛市广播电视台,1、综合频道（高标清同播）,,2、公共频道（高标清同播）,,,,,,,,,,,,,,,,,,,,,,
陕西,安康市广播电视台,1、综合频道,,2、公共频道,,,,,,,,,,,,,,,,,,,,,,
陕西,延安市广播电视台,1、社会综合频道,,2、公共频道,,,,,,,,,,,,,,,,,,,,,,
陕西,咸阳市广播电视台,1、综合频道,,2、公共频道,,,,,,,,,,,,,,,,,,,,,,
四川,四川广播电视台,1、综合频道（高标清同播）,,2、文化旅游频道（高标清同播）,3、经济频道（高标清同播）,4、新闻频道（高标清同播）,5、影视文艺频道（高标清同播）,6、星空购物频道（高标清同播）,7、妇女儿童频道（高标清同播）,8、科技教育频道（高标清同播）,9、四川乡村频道（高标清同播）,10、峨嵋电影频道（高标清同播）,11、康巴藏语卫视频道（高标清同播）,,,,,,,,,,,,,
四川,阿坝藏族羌族自治州广播电视台,1、新闻综合频道（高标清同播）,,2、安多藏语综合频道（高标清同播）,,,,,,,,,,,,,,,,,,,,,,
四川,眉山市广播电视台,1、综合频道（高标清同播）,,2、公共频道（高标清同播）,,,,,,,,,,,,,,,,,,,,,,
四川,成都市广播电视台,1、新闻综合频道（高标清同播）,,2、经济资讯服务频道,3、都市生活频道,4、影视文艺频道,5、公共频道（高标清同播）,6、少儿频道,7、每日电视购物频道（高标清同播）,,,,,,,,,,,,,,,,,
四川,内江市广播电视台,1、综合频道（高标清同播）,,2、公共频道（高标清同播）,3、科教频道（高标清同播）,,,,,,,,,,,,,,,,,,,,,
四川,达州市广播电视台,电视频道：,,1、新闻综合频道（高标清同播）,2、公共频道（高标清同播）,,,,,,,,,,,,,,,,,,,,,
四川,泸州市广播电视台,1、新闻综合频道（高标清同播）,,2、公共频道（高标清同播）,3、科技教育频道（高标清同播）,,,,,,,,,,,,,,,,,,,,,
四川,巴中市广播电视台,电视业务：,,1、综合频道（高标清同播）,2、公共频道（高标清同播）,,,,,,,,,,,,,,,,,,,,,
四川,攀枝花市广播电视台,1、新闻综合频道（高标清同播）,,2、公共频道（高标清同播）,,,,,,,,,,,,,,,,,,,,,,
四川,遂宁市广播电视台,1、综合频道（高标清同播）,,2、公共频道（高标清同播）,,,,,,,,,,,,,,,,,,,,,,
四川,广安市广播电视台,1、综合频道（高标清同播）,,2、公共频道（高标清同播）,,,,,,,,,,,,,,,,,,,,,,
四川,广元市广播电视台,1、综合频道（高标清同播）,,2、公共频道,,,,,,,,,,,,,,,,,,,,,,
四川,南充市广播电视台,1、综合频道（高标清同播）,,2、公共频道（高标清同播）,3、科教频道（高标清同播）,,,,,,,,,,,,,,,,,,,,,
四川,宜宾市广播电视台,1、新闻综合频道（高标清同播）,,2、公共频道,,,,,,,,,,,,,,,,,,,,,,
四川,资阳市广播电视台,1、综合频道（高标清同播）,,,,,,,,,,,,,,,,,,,,,,,,
四川,甘孜藏族自治州广播电视台,1、综合频道（高标清同播）,,2、文艺频道（高标清同播）,,,,,,,,,,,,,,,,,,,,,,
四川,凉山彝族自治州广播电视台,1、新闻综合频道（高标清同播）,,2、彝语综合频道（高标清同播）,,,,,,,,,,,,,,,,,,,,,,
四川,雅安市广播电视台,1、新闻综合频道（高标清同播）,,2、公共频道（高标清同播）,,,,,,,,,,,,,,,,,,,,,,
四川,绵阳市广播电视台,1、新闻综合频道（高标清同播）,,2、公共频道（高标清同播）,3、科技频道（高标清同播）,,,,,,,,,,,,,,,,,,,,,
四川,德阳市广播电视台,1、新闻综合频道（高标清同播）,,2、公共频道（高标清同播）,,,,,,,,,,,,,,,,,,,,,,
四川,自贡市广播电视台,1、综合频道（高标清同播）,,2、公共频道（高标清同播）,,,,,,,,,,,,,,,,,,,,,,
四川,乐山市广播电视台,1、新闻综合频道（高标清同播）,,2、公共频道（高标清同播）,,,,,,,,,,,,,,,,,,,,,,
天津,天津广播电视台,1、综合频道（高标清同播）,,2、新闻频道（高标清同播）,3、文艺频道（高标清同播）,4、影视频道（高标清同播）,5、都市频道（高标清同播）,6、体育频道（高标清同播）,7、科教频道（高标清同播）,8、少儿频道（高标清同播）,9、三佳购物频道（与河北、内蒙古电视台联办）,,,,,,,,,,,,,,,
西藏,西藏广播电视台,1、综合频道（藏语）,,2、综合频道,（汉语）,3、影视文化频道,4、经济生活服务频道（暂停播出）,,,,,,,,,,,,,,,,,,,
西藏,阿里地区广播电视台,1、综合频道（汉语、藏语共用）,,,,,,,,,,,,,,,,,,,,,,,,
西藏,拉萨市广播电视台,1、综合频道,,2、藏语综合频道,3、文化旅游频道,,,,,,,,,,,,,,,,,,,,,
西藏,那曲市广播电视台,1、综合频道（汉语、藏语共用）,,,,,,,,,,,,,,,,,,,,,,,,
西藏,林芝市广播电视台,1、综合频道（汉语、藏语共用）,,,,,,,,,,,,,,,,,,,,,,,,
西藏,昌都市广播电视台,电视业务：,,1、综合频道（汉语、藏语共用）,,,,,,,,,,,,,,,,,,,,,,
西藏,山南市广播电视台,电视业务：,,1、综合频道（汉语、藏语共用）,,,,,,,,,,,,,,,,,,,,,,
西藏,日喀则市广播电视台,电视业务：,,1、综合频道（汉语、藏语共用）,2、藏语综合频道,,,,,,,,,,,,,,,,,,,,,
新疆,新疆广播电视台,1、汉语新闻综合频道（高标清同播）,,2、维吾尔语新闻综合频道（高标清同播）,3、哈萨克语新闻综合频道（高标清同播）,4、汉语综艺频道（高标清同播）,5、维吾尔语影视频道（高标清同播）,6、哈萨克语综艺频道（高标清同播）,7、汉语经济生活频道（高标清同播）,8、维吾尔语经济生活频道（高标清同播）,9、汉语影视频道（高标清同播）,10、汉语体育健康频道（高标清同播）,11、汉语信息服务频道（高标清同播）,12、少儿频道（高标清同播）,,,,,,,,,,,,
新疆,乌鲁木齐市广播电视台,1、汉语综合频道（高标清同播）,,2、维吾尔语综合频道（高标清同播）,3、汉语影视频道,4、都市生活频道,5、旅游频道,6、妇女儿童频道,,,,,,,,,,,,,,,,,,
新疆,克拉玛依市广播电视台,1、汉语综合频道（高标清同播）,,2、维语综合频道（高标清同播）,3、汉语影视文艺频道（高标清同播）,4、维语影视文艺频道（高标清同播）,5、教育频道（高标清同播）,,,,,,,,,,,,,,,,,,,
新疆,克孜勒苏柯尔克孜自治州广播电视台,1、柯语综合频道（高标清同播）,,2、维语综合频道（高标清同播）,3、汉语综合频道（高标清同播）,,,,,,,,,,,,,,,,,,,,,
新疆,喀什地区广播电视台,1、维语综合频道（高标清同播）,,2、汉语综合频道（高标清同播）,3、科技教育频道（高标清同播）,,,,,,,,,,,,,,,,,,,,,
新疆,哈密市广播电视台,1、汉语综合频道（高标清同播）,,2、维语综合频道（高标清同播）,3、影视文艺频道（高标清同播）,,,,,,,,,,,,,,,,,,,,,
新疆,伊犁哈萨克自治州广播电视台,1、汉语综合频道（高标清同播）,,2、哈语综合频道（高标清同播）,3、维语综合频道（高标清同播）,4、汉语经济频道,,,,,,,,,,,,,,,,,,,,
兵团,新疆生产建设兵团广播电视台,1、综合频道,,,,,,,,,,,,,,,,,,,,,,,,
兵团,石河子市广播电视台,1、综合频道,,2、影视文体频道,3、经济生活频道,4、教育频道,,,,,,,,,,,,,,,,,,,,
新疆,吐鲁番市广播电视台,1、维语综合频道,,2、汉语综合频道,3、汉语影视文艺频道,,,,,,,,,,,,,,,,,,,,,
新疆,巴音郭楞蒙古自治州广播电视台,1、综合频道（高标清同播）,,2、教育频道（高标清同播）,3、蒙语综合频道（高标清同播）,4、维语综合频道（高标清同播）,,,,,,,,,,,,,,,,,,,,
新疆,博尔塔拉蒙古自治州广播电视台,1、汉语综合频道（高标清同播）,,2、蒙古语综合频道（高标清同播）,3、维吾尔语综合频道（高标清同播）,,,,,,,,,,,,,,,,,,,,,
新疆,阿勒泰地区广播电视台,1、汉语综合频道,,2、汉语城市生活频道,3、哈萨克语综合频道,,,,,,,,,,,,,,,,,,,,,
新疆,和田地区广播电视台,1、汉语综合频道,,2、汉语影视文艺频道,3、维语综合频道,4、维语影视频道,,,,,,,,,,,,,,,,,,,,
新疆,塔城地区广播电视台,1、哈语综合频道（高标清同播）,,2、汉语综合频道（高标清同播）,3、经济信息频道（高标清同播）,,,,,,,,,,,,,,,,,,,,,
新疆,阿克苏地区广播电视台,1、汉语综合频道（高标清同播）,,2、维语综合频道（高标清同播）,3、汉语文艺频道（高标清同播）,,,,,,,,,,,,,,,,,,,,,
新疆,昌吉回族自治州广播电视台,1、综合频道（高标清同播）,,2、城市生活频道（高标清同播）,,,,,,,,,,,,,,,,,,,,,,
云南,云南广播电视台,1、综合频道（高标清同播）,,2、都市频道,3、娱乐频道,4、生活资讯频道,5、影视频道,6、公共频道,7、少儿频道,8、移动电视频道,仅限境外落地的频道：,1、国际频道,,,,,,,,,,,,,,
云南,昆明市广播电视台,1、新闻综合频道（高标清同播）,,2、经济生活频道,3、科学教育频道,4、文体娱乐频道,5、影视综艺频道,6、公共频道（高标清同播）,,,,,,,,,,,,,,,,,,
云南,保山市广播电视台,1、新闻综合频道（高标清同播）,,2、公共频道（高标清同播）,3、科教频道（高标清同播）,,,,,,,,,,,,,,,,,,,,,
云南,昭通市广播电视台,1、新闻综合频道（高标清同播）,,2、公共频道,3、科教频道,,,,,,,,,,,,,,,,,,,,,
云南,德宏傣族景颇族自治州广播电视台,1、新闻综合频道（高标清同播）,,2、公共频道（高标清同播）,,,,,,,,,,,,,,,,,,,,,,
云南,玉溪市广播电视台,1、新闻综合频道（高标清同播）,,2、公共频道（高标清同播）,,,,,,,,,,,,,,,,,,,,,,
云南,丽江市广播电视台,1、新闻综合频道,,2、公共频道,,,,,,,,,,,,,,,,,,,,,,
云南,普洱市广播电视台,1、新闻综合频道（高标清同播）,,2、公共频道（高标清同播）,3、科教频道（高标清同播）,,,,,,,,,,,,,,,,,,,,,
云南,临沧市广播电视台,1、新闻综合频道（高标清同播）,,2、科教频道（高标清同播）,,,,,,,,,,,,,,,,,,,,,,
云南,西双版纳傣族自治州广播电视台,1、新闻综合频道（高标清同播）,,2、公共频道（高标清同播）,,,,,,,,,,,,,,,,,,,,,,
云南,大理白族自治州广播电视台,1、新闻综合频道,,2、公共频道,,,,,,,,,,,,,,,,,,,,,,
云南,曲靖市广播电视台,1、新闻综合频道,,2、公共频道,3、科教频道,,,,,,,,,,,,,,,,,,,,,
云南,红河哈尼族彝族自治州广播电视台,1、新闻综合频道（高标清同播）,,2、公共频道（高标清同播）,,,,,,,,,,,,,,,,,,,,,,
云南,怒江傈僳族自治州广播电视台,1、新闻综合频道（高标清同播）,,,,,,,,,,,,,,,,,,,,,,,,
云南,楚雄彝族自治州广播电视台,1、新闻信息频道(高标清同播),,2、公共频道（高标清同播）,,,,,,,,,,,,,,,,,,,,,,
云南,文山壮族苗族自治州广播电视台,1、新闻综合频道（高标清同播）,,2、公共频道（高标清同播）,,,,,,,,,,,,,,,,,,,,,,
云南,迪庆藏族自治州广播电视台,电视节目：,,1、新闻综合频道（高标清同播）,2、藏语频道（康巴藏语）（高标清同播）,,,,,,,,,,,,,,,,,,,,,
浙江,浙江广播电视台,1、综合频道（高标清同播）,,2、钱江都市频道（高标清同播）,3、经济生活频道（高标清同播）,4、教科影视频道（高标清同播）,5、民生休闲频道（高标清同播）,6、新闻频道（高标清同播）,7、少儿频道（高标清同播）,8、好易购频道（高标清同播）,仅限境外落地的频道：,1、国际频道（高标清同播）,,,,,,,,,,,,,,
浙江,宁波市广播电视台,1、新闻综合频道（高标清同播）,,2、经济生活频道（高标清同播）,3、都市文体频道（高标清同播）,4、影视剧频道（高标清同播）,5、少儿频道（高标清同播）,6、移动电视频道,,,,,,,,,,,,,,,,,,
浙江,舟山市广播电视台,1、新闻综合频道（高标清同播）,,2、公共频道（高标清同播）,,,,,,,,,,,,,,,,,,,,,,
浙江,台州市广播电视台,1、新闻综合频道（高标清同播）,,2、文化生活频道,3、公共频道,,,,,,,,,,,,,,,,,,,,,
浙江,丽水市广播电视台,1、新闻综合频道（高标清同播）,,2、公共频道,,,,,,,,,,,,,,,,,,,,,,
浙江,杭州市广播电视台,1、综合频道（高标清同播）,,2、西湖明珠频道（高标清同播）,3、生活频道（高标清同播）,4、影视频道（高标清同播）,5、青少q体育频道（高标清同播）,6、移动电视频道,,,,,,,,,,,,,,,,,,
浙江,湖州市广播电视台,1、新闻综合频道,,2、文化娱乐频道,3、公共频道,,,,,,,,,,,,,,,,,,,,,
浙江,绍兴市广播电视台,1、新闻综合频道（高标清同播）,,2、公共频道,3、文化影视频道,,,,,,,,,,,,,,,,,,,,,
浙江,嘉兴市广播电视台,1、新闻综合频道（高标清同播）,,2、文化影视频道（高标清同播）,3、公共频道（高标清同播）,,,,,,,,,,,,,,,,,,,,,
浙江,金华市广播电视台,1、综合频道（高标清同播）,,2、教育科技频道,3、公共频道,,,,,,,,,,,,,,,,,,,,,
浙江,衢州市广播电视台,1、新闻综合频道（高标清同播）,,2、公共频道（高标清同播）,,,,,,,,,,,,,,,,,,,,,,
浙江,温州市广播电视台,1、新闻综合频道（高标清同播）,,2、经济科技频道,3、都市生活频道,4、公共频道,,,,,,,,,,,,,,,,,,,,
重庆,万州区广播电视台,1、综合频道,,2、三峡移民频道,,,,,,,,,,,,,,,,,,,,,,
重庆,涪陵区广播电视台,1、综合频道,,,,,,,,,,,,,,,,,,,,,,,,
重庆,黔江区广播电视台,1、综合频道,,,,,,,,,,,,,,,,,,,,,,,,
重庆,重庆广播电视台,1、综合频道（高标清同播）,,2、新闻频道（高标清同播）,3、影视频道（高标清同播）,4、科教频道（高标清同播）,5、社会与法频道（高标清同播）,6、文体娱乐频道（高标清同播）,7、时尚生活频道（高标清同播）,8、新农村频道（高标清同播）,9、少儿频道（高标清同播）,10、时尚购物频道（高标清同播）,11、移动电视频道,仅限境外落地的频道：,1、国际频道,,,,,,,,,,,
