中央,中央广播电视台,中央,,,
,,CCTV-1,CCTV-1综合频道（高标清同播）,综合频道（高标清同播）,
,,CCTV-2,CCTV-2财经频道（高标清同播）,财经频道（高标清同播）,
,,CCTV-3,CCTV-3综艺频道（高标清同播）,综艺频道（高标清同播）,
,,CCTV-4,CCTV-4中文国际频道（亚洲版）（高标清同播）,中文国际频道（亚洲版）（高标清同播）,
,,CCTV-5,CCTV-5体育频道（高标清同播）,体育频道（高标清同播）,
,,CCTV-6,CCTV-6电影频道（高标清同播）,电影频道（高标清同播）,
,,CCTV-7,CCTV-7国防军事频道（高标清同播）,国防军事频道（高标清同播）,
,,CCTV-8,CCTV-8电视剧频道（高标清同播）,电视剧频道（高标清同播）,
,,CCTV-9,CCTV-9纪录频道（国内版）（高标清同播）,纪录频道（国内版）（高标清同播）,
,,CCTV-10,CCTV-10科教频道（高标清同播）,科教频道（高标清同播）,
,,CCTV-11,CCTV-11戏曲频道（高标清同播）,戏曲频道（高标清同播）,
,,CCTV-12,CCTV-12社会与法频道（高标清同播）,社会与法频道（高标清同播）,
,,CCTV-13,CCTV-13新闻频道（高标清同播）,新闻频道（高标清同播）,
,,CCTV-14,CCTV-14少儿频道（高标清同播）,少儿频道（高标清同播）,
,,CCTV-15,CCTV-15音乐频道（高标清同播）,音乐频道（高标清同播）,
,,CCTV-17,CCTV-17农业农村频道（高标清同播）,农业农村频道（高标清同播）,
,,CCTV-5+,CCTV-5+体育赛事频道（高清）,体育赛事频道（高清）,
,,CCTV NEWS,CCTV NEWS英语新闻频道（高标清同播）,英语新闻频道（高标清同播）,
,,CCTV,CCTV4k超高清频道（4K超高清）,4k超高清频道（4K超高清）,
,,,中视购物频道,中视购物频道,
安徽,阜阳市广播电视台,阜阳,阜阳,,
,,阜阳,阜阳新闻综合频道（高标清同播）,新闻综合频道（高标清同播）,
,,阜阳,阜阳公共频道（高标清同播）,公共频道（高标清同播）,
安徽,安庆市广播电视台,安庆,安庆,,
,,安庆,安庆新闻综合频道（高标清同播）,新闻综合频道（高标清同播）,
,,安庆,安庆公共频道（高标清同播）,公共频道（高标清同播）,
安徽,马鞍山市广播电视台,马鞍山,马鞍山,,
,,马鞍山,马鞍山新闻综合频道（高标清同播）,新闻综合频道（高标清同播）,
,,马鞍山,马鞍山公共频道（高标清同播）,公共频道（高标清同播）,
安徽,黄山市广播电视台,黄山,黄山,,
,,黄山,黄山新闻综合频道,新闻综合频道,
,,黄山,黄山公共频道,公共频道,
安徽,淮北市广播电视台,淮北,淮北,,
,,淮北,淮北新闻综合频道（高标清同播）,新闻综合频道（高标清同播）,
,,淮北,淮北公共频道（高标清同播）,公共频道（高标清同播）,
安徽,六安市广播电视台,六安,六安,,
,,六安,六安综合频道（高标清同播）,综合频道（高标清同播）,
,,六安,六安公共频道（高标清同播）,公共频道（高标清同播）,
安徽,宿州市广播电视台,宿州,宿州,,
,,宿州,宿州新闻综合频道（高标清同播）,新闻综合频道（高标清同播）,
,,宿州,宿州公共频道（高标清同播）,公共频道（高标清同播）,
,,宿州,宿州科技教育频道（高标清同播）,科技教育频道（高标清同播）,
安徽,蚌埠市广播电视台,蚌埠,蚌埠,,
,,蚌埠,蚌埠新闻频道,新闻频道,
,,蚌埠,蚌埠公共频道,公共频道,
安徽,淮南市广播电视台,淮南,淮南,,
,,淮南,淮南新闻综合频道（高标清同播）,新闻综合频道（高标清同播）,
,,淮南,淮南公共频道（高标清同播）,公共频道（高标清同播）,
安徽,池州市广播电视台,池州,池州,,
,,池州,池州新闻综合频道（高标清同播）,新闻综合频道（高标清同播）,
,,池州,池州公共频道（高标清同播）,公共频道（高标清同播）,
安徽,滁州市广播电视台,滁州,滁州,,
,,滁州,滁州新闻综合频道（高标清同播）,新闻综合频道（高标清同播）,
,,滁州,滁州公共频道（高标清同播）,公共频道（高标清同播）,
,,滁州,滁州科教频道（高标清同播）,科教频道（高标清同播）,
安徽,铜陵市广播电视台,铜陵,铜陵,,
,,铜陵,铜陵新闻综合频道（高标清同播）,新闻综合频道（高标清同播）,
,,铜陵,铜陵公共频道（高标清同播）,公共频道（高标清同播）,
,,铜陵,铜陵教育科技频道（高标清同播）,教育科技频道（高标清同播）,
安徽,宣城市广播电视台,宣城,宣城,,
,,宣城,宣城综合频道,综合频道,
,,宣城,宣城公共频道,公共频道,
安徽,安徽广播电视台,安徽,安徽,,
,,安徽,安徽新闻综合频道（高标清同播）,新闻综合频道（高标清同播）,
,,安徽,安徽经济生活频道（高标清同播）,经济生活频道（高标清同播）,
,,安徽,安徽影视频道（高标清同播）,影视频道（高标清同播）,
,,安徽,安徽综艺?体育频道（高标清同播）,综艺?体育频道（高标清同播）,
,,安徽,安徽农业?科教频道（高标清同播）,农业?科教频道（高标清同播）,
,,安徽,安徽公共频道（高标清同播）,公共频道（高标清同播）,
,,安徽,安徽移动电视频道,移动电视频道,仅限境外落地的频道：
,,安徽,安徽国际频道,国际频道,
安徽,合肥市广播电视台,合肥,合肥,,
,,合肥,合肥新闻频道（高标清同播）,新闻频道（高标清同播）,
,,合肥,合肥生活频道（高标清同播）,生活频道（高标清同播）,
,,合肥,合肥教育法制频道（高标清同播）,教育法制频道（高标清同播）,
,,合肥,合肥影院频道,影院频道,
,,合肥,合肥财经频道（高标清同播）,财经频道（高标清同播）,
,,合肥,合肥故事休闲频道（高标清同播）,故事休闲频道（高标清同播）,
,,合肥,合肥文体博览频道,文体博览频道,
,,合肥,合肥公共频道,公共频道,
安徽,芜湖市广播电视台,芜湖,芜湖,,
,,芜湖,芜湖新闻综合频道,新闻综合频道,
,,芜湖,芜湖公共频道,公共频道,
,,芜湖,芜湖皖江购物频道（与合肥、马鞍山、铜陵、安庆电视台联办）,皖江购物频道（与合肥、马鞍山、铜陵、安庆电视台联办）,
安徽,亳州市广播电视台,亳州,亳州,,
,,亳州,亳州综合频道,综合频道,
,,亳州,亳州农村频道,农村频道,
北京,北京广播电视台,北京,北京,,
,,北京,北京综合频道（高标清同播）,综合频道（高标清同播）,
,,北京,北京文艺频道（高标清同播）,文艺频道（高标清同播）,
,,北京,北京科教频道（高标清同播）,科教频道（高标清同播）,
,,北京,北京影视频道（高标清同播）,影视频道（高标清同播）,
,,北京,北京财经频道（高标清同播）,财经频道（高标清同播）,
,,北京,北京生活频道（高标清同播）,生活频道（高标清同播）,
,,北京,北京青年频道（高标清同播）,青年频道（高标清同播）,
,,北京,北京新闻频道（高标清同播）,新闻频道（高标清同播）,
,,北京,北京卡酷少儿频道（高标清同播）,卡酷少儿频道（高标清同播）,
,,北京,北京冬奥纪实频道（高标清/4K超高清同播）,冬奥纪实频道（高标清/4K超高清同播）,仅限境外落地的频道：
,,北京,北京国际频道,国际频道,
福建,福建广播电视台,福建,福建,,
,,福建,福建综合频道（高标清同播）,综合频道（高标清同播）,
,,福建,福建东南频道（高标清同播）,东南频道（高标清同播）,
,,福建,福建乡村振兴・公共频道（高标清同播）,乡村振兴・公共频道（高标清同播）,
,,福建,福建新闻频道（高标清同播）,新闻频道（高标清同播）,
,,福建,福建电视剧频道（高标清同播）,电视剧频道（高标清同播）,
,,福建,福建旅游频道（高标清同播）,旅游频道（高标清同播）,
,,福建,福建经济生活频道（高标清同播）,经济生活频道（高标清同播）,
,,福建,福建体育频道（高标清同播）,体育频道（高标清同播）,
,,福建,福建少儿频道（高标清同播）,少儿频道（高标清同播）,
,,福建,福建福建海峡电视台（高标清同播）,福建海峡电视台（高标清同播）,
福建,厦门市广播电视台,厦门,厦门,,
,,厦门,厦门综合频道（高标清同播）,综合频道（高标清同播）,
,,厦门,厦门海峡频道（高标清同播）,海峡频道（高标清同播）,
,,厦门,厦门影视频道（高标清同播）,影视频道（高标清同播）,
,,厦门,厦门厦门市电视台卫视频道（高标清同播）,厦门市电视台卫视频道（高标清同播）,
,,厦门,厦门全心购物频道,全心购物频道,
,,厦门,厦门移动电视频道,移动电视频道,
福建,龙岩市广播电视台,龙岩,龙岩,,
,,龙岩,龙岩新闻综合频道（高标清同播）,新闻综合频道（高标清同播）,
,,龙岩,龙岩公共频道（高标清同播）,公共频道（高标清同播）,
福建,漳州市广播电视台,漳州,漳州,,
,,漳州,漳州新闻综合频道（高标清同播）,新闻综合频道（高标清同播）,
,,漳州,漳州公共频道（高标清同播）,公共频道（高标清同播）,
福建,福州市广播电视台,福州,福州,,
,,福州,福州新闻综合频道（高标清同播）,新闻综合频道（高标清同播）,
,,福州,福州影视频道（高标清同播）,影视频道（高标清同播）,
,,福州,福州生活频道（高标清同播）,生活频道（高标清同播）,
,,福州,福州少儿频道（高标清同播）,少儿频道（高标清同播）,
,,福州,福州移动电视频道,移动电视频道,
福建,泉州市广播电视台,泉州,泉州电视节目:,电视节目:,
,,泉州,泉州新闻综合频道（高标清同播）,新闻综合频道（高标清同播）,
,,泉州,泉州都市生活频道,都市生活频道,
,,泉州,泉州影视剧频道,影视剧频道,
,,泉州,泉州闽南语频道,闽南语频道,
福建,三明市广播电视台,三明,三明,,
,,三明,三明综合频道（高标清同播）,综合频道（高标清同播）,
,,三明,三明公共频道（高标清同播）,公共频道（高标清同播）,
福建,南平市广播电视台,南平,南平,,
,,南平,南平新闻综合频道（高标清同播）,新闻综合频道（高标清同播）,
,,南平,南平公共频道（高标清同播）,公共频道（高标清同播）,
福建,莆田市广播电视台,莆田,莆田,,
,,莆田,莆田新闻综合频道（高标清同播）,新闻综合频道（高标清同播）,
,,莆田,莆田公共频道（高标清同播）,公共频道（高标清同播）,
福建,宁德市广播电视台,宁德,宁德,,
,,宁德,宁德新闻综合频道（高标清同播）,新闻综合频道（高标清同播）,
,,宁德,宁德公共频道（高标清同播）,公共频道（高标清同播）,
甘肃,甘肃广播电视台,甘肃,甘肃,,
,,甘肃,甘肃综合频道（高标清同播）,综合频道（高标清同播）,
,,甘肃,甘肃经济频道（高标清同播）,经济频道（高标清同播）,
,,甘肃,甘肃公共应急频道（高标清同播）,公共应急频道（高标清同播）,
,,甘肃,甘肃都市频道（高标清同播）,都市频道（高标清同播）,
,,甘肃,甘肃文化影视频道（高标清同播）,文化影视频道（高标清同播）,
,,甘肃,甘肃少儿频道（高标清同播）,少儿频道（高标清同播）,
,,甘肃,甘肃移动电视频道,移动电视频道,
甘肃,兰州市广播电视台,兰州,兰州,,
,,兰州,兰州新闻综合频道（高标清同播）,新闻综合频道（高标清同播）,
,,兰州,兰州生活经济频道（高标清同播）,生活经济频道（高标清同播）,
,,兰州,兰州综艺体育频道（高标清同播）,综艺体育频道（高标清同播）,
,,兰州,兰州公共频道（高标清同播）,公共频道（高标清同播）,
甘肃,嘉峪关市广播电视台,嘉峪关,嘉峪关,,
,,嘉峪关,嘉峪关综合频道（高标清同播）,综合频道（高标清同播）,
,,嘉峪关,嘉峪关公共频道（高标清同播）,公共频道（高标清同播）,
甘肃,金昌市广播电视台,金昌,金昌,,
,,金昌,金昌综合频道,综合频道,
,,金昌,金昌公共频道,公共频道,
甘肃,酒泉市广播电视台,酒泉,酒泉,,
,,酒泉,酒泉综合频道（高标清同播）,综合频道（高标清同播）,
,,酒泉,酒泉公共频道（高标清同播）,公共频道（高标清同播）,
甘肃,武威市广播电视台,武威,武威,,
,,武威,武威综合频道（高标清同播）,综合频道（高标清同播）,
,,武威,武威公共频道（高标清同播）,公共频道（高标清同播）,
甘肃,陇南市广播电视台,陇南,陇南,,
,,陇南,陇南综合频道（高标清同播）,综合频道（高标清同播）,
,,陇南,陇南公共频道（高标清同播）,公共频道（高标清同播）,
甘肃,张掖市广播电视台,张掖,张掖,,
,,张掖,张掖新闻综合频道,新闻综合频道,
,,张掖,张掖公共频道,公共频道,
甘肃,甘南藏族自治州广播电视台,甘南藏族自治州,甘南藏族自治州,,
,,甘南藏族自治州,甘南藏族自治州综合频道,综合频道,
,,甘南藏族自治州,甘南藏族自治州综合频道（藏语）,综合频道（藏语）,
甘肃,白银市广播电视台,白银,白银,,
,,白银,白银综合频道（高标清同播）,综合频道（高标清同播）,
,,白银,白银公共频道（高标清同播）,公共频道（高标清同播）,
甘肃,天水市广播电视台,天水,天水,,
,,天水,天水综合频道（高标清同播）,综合频道（高标清同播）,
,,天水,天水公共频道（高标清同播）,公共频道（高标清同播）,
甘肃,定西市广播电视台,定西,定西,,
,,定西,定西综合频道（高标清同播）,综合频道（高标清同播）,
,,定西,定西公共频道（高标清同播）,公共频道（高标清同播）,
甘肃,平凉市广播电视台,平凉,平凉,,
,,平凉,平凉新闻综合频道,新闻综合频道,
,,平凉,平凉公共频道,公共频道,
甘肃,庆阳市广播电视台,庆阳,庆阳,,
,,庆阳,庆阳新闻综合频道（高标清同播）,新闻综合频道（高标清同播）,
,,庆阳,庆阳公共频道（高标清同播）,公共频道（高标清同播）,
甘肃,临夏回族自治州广播电视台,临夏回族自治州,临夏回族自治州,,
,,临夏回族自治州,临夏回族自治州综合频道,综合频道,
,,临夏回族自治州,临夏回族自治州公共频道,公共频道,
广东,广东广播电视台,广东,广东,,
,,广东,广东综合频道（高标清同播）,综合频道（高标清同播）,
,,广东,广东珠江频道（高标清同播）,珠江频道（高标清同播）,
,,广东,广东公共频道（高标清同播）,公共频道（高标清同播）,
,,广东,广东体育频道（高标清同播）,体育频道（高标清同播）,
,,广东,广东嘉佳卡通频道（高标清同播）,嘉佳卡通频道（高标清同播）,
,,广东,广东新闻频道（高标清同播）,新闻频道（高标清同播）,
,,广东,广东经济科教频道（高标清同播）,经济科教频道（高标清同播）,
,,广东,广东粤语频道（高标清同播）,粤语频道（高标清同播）,
,,广东,广东综艺频道(4K超高清)、,综艺频道(4K超高清)、,
,,广东,广东影视频道（高标清同播）,影视频道（高标清同播）,
,,广东,广东少儿频道（高标清同播）,少儿频道（高标清同播）,
,,广东,广东移动电视频道,移动电视频道,仅限境外落地的频道：
,,广东,广东国际频道,国际频道,
广东,深圳市广播电视台,深圳,深圳,,
,,深圳,深圳新闻综合频道（高标清/4K超高清同播）,新闻综合频道（高标清/4K超高清同播）,
,,深圳,深圳电视剧频道（高标清同播）,电视剧频道（高标清同播）,
,,深圳,深圳都市频道（高标清同播）,都市频道（高标清同播）,
,,深圳,深圳娱乐频道（高标清同播）,娱乐频道（高标清同播）,
,,深圳,深圳体育健康频道（高标清同播）,体育健康频道（高标清同播）,
,,深圳,深圳少儿频道（高标清同播）,少儿频道（高标清同播）,
,,深圳,深圳公共频道（高标清同播）,公共频道（高标清同播）,
,,深圳,深圳财经生活频道（高标清同播）,财经生活频道（高标清同播）,
,,深圳,深圳移动电视频道,移动电视频道,
广东,湛江市广播电视台,湛江,湛江,,
,,湛江,湛江新闻综合频道（高标清同播）,新闻综合频道（高标清同播）,
,,湛江,湛江公共频道（高标清同播）,公共频道（高标清同播）,
广东,汕头市广播电视台,汕头,汕头,,
,,汕头,汕头新闻综合频道,新闻综合频道,
,,汕头,汕头文旅体育频道,文旅体育频道,
,,汕头,汕头经济生活频道,经济生活频道,
广东,汕尾市广播电视台,汕尾,汕尾,,
,,汕尾,汕尾新闻综合频道（高标清同播）,新闻综合频道（高标清同播）,
,,汕尾,汕尾公共频道（高标清同播）,公共频道（高标清同播）,
广东,肇庆市广播电视台,肇庆,肇庆,,
,,肇庆,肇庆新闻综合频道（高标清同播）,新闻综合频道（高标清同播）,
,,肇庆,肇庆公共频道（高标清同播）,公共频道（高标清同播）,
广东,阳江市广播电视台,阳江,阳江,,
,,阳江,阳江综合频道（高标清同播）,综合频道（高标清同播）,
,,阳江,阳江公共频道（高标清同播）,公共频道（高标清同播）,
广东,佛山市广播电视台,佛山,佛山,,
,,佛山,佛山综合频道（高标清同播）,综合频道（高标清同播）,
,,佛山,佛山影视频道（高标清同播）,影视频道（高标清同播）,
,,佛山,佛山公共频道（高标清同播）,公共频道（高标清同播）,
,,佛山,佛山南海频道（高标清同播）,南海频道（高标清同播）,
,,佛山,佛山顺德频道（高标清同播）,顺德频道（高标清同播）,
,,佛山,佛山三水电视节目,三水电视节目,
,,佛山,佛山高明电视节目,高明电视节目,
广东,蛇口广播电视台,蛇口,蛇口,,
,,蛇口,蛇口综合频道（高标清同播）,综合频道（高标清同播）,
广东,广州市广播电视台,广州,广州,,
,,广州,广州综合频道（高标清同播）,综合频道（高标清同播）,
,,广州,广州新闻频道（高标清同播）,新闻频道（高标清同播）,
,,广州,广州南国都市频道（4K超高清频道）,南国都市频道（4K超高清频道）,
,,广州,广州竞赛频道（高标清同播）,竞赛频道（高标清同播）,
,,广州,广州法治频道（高标清同播）,法治频道（高标清同播）,
,,广州,广州影视频道（高标清同播）,影视频道（高标清同播）,
广东,河源市广播电视台,河源,河源,,
,,河源,河源新闻综合频道（高标清同播）,新闻综合频道（高标清同播）,
,,河源,河源公共频道（高标清同播）,公共频道（高标清同播）,
广东,中山市广播电视台,中山,中山电视频道：,电视频道：,
,,中山,中山综合频道（高标清同播）,综合频道（高标清同播）,
,,中山,中山公共频道（高标清同播）,公共频道（高标清同播）,
,,中山,中山教育频道（高标清同播）,教育频道（高标清同播）,
广东,惠州市广播电视台,惠州,惠州,,
,,惠州,惠州新闻综合频道（高标清同播）,新闻综合频道（高标清同播）,
,,惠州,惠州公共频道（高标清同播）,公共频道（高标清同播）,
广东,云浮市广播电视台,云浮,云浮,,
,,云浮,云浮新闻综合频道（高标清同播）,新闻综合频道（高标清同播）,
,,云浮,云浮公共频道（高标清同播）,公共频道（高标清同播）,
广东,清远市广播电视台,清远,清远,,
,,清远,清远新闻综合频道（高标清同播）,新闻综合频道（高标清同播）,
,,清远,清远公共频道（高标清同播）,公共频道（高标清同播）,
广东,珠海市广播电视台,珠海,珠海,,
,,珠海,珠海新闻综合频道（高标清同播）,新闻综合频道（高标清同播）,
,,珠海,珠海公共频道（高标清同播）,公共频道（高标清同播）,
广东,东莞市广播电视台,东莞,东莞,,
,,东莞,东莞新闻综合频道（高标清同播）,新闻综合频道（高标清同播）,
,,东莞,东莞公共频道（高标清同播）,公共频道（高标清同播）,
广东,江门市广播电视台,江门,江门,,
,,江门,江门综合频道（高标清同播）,综合频道（高标清同播）,
,,江门,江门公共频道（高标清同播）,公共频道（高标清同播）,
,,江门,江门教育频道（高标清同播）,教育频道（高标清同播）,
广东,揭阳市广播电视台,揭阳,揭阳,,
,,揭阳,揭阳新闻综合频道（高标清同播）,新闻综合频道（高标清同播）,
,,揭阳,揭阳公共频道（高标清同播）,公共频道（高标清同播）,
广东,潮州市广播电视台,潮州,潮州,,
,,潮州,潮州新闻综合频道（高标清同播）,新闻综合频道（高标清同播）,
,,潮州,潮州公共频道（高标清同播）,公共频道（高标清同播）,
广东,韶关市广播电视台,韶关,韶关,,
,,韶关,韶关新闻综合频道（高标清同播）,新闻综合频道（高标清同播）,
,,韶关,韶关公共频道（高标清同播）,公共频道（高标清同播）,
广东,梅州市广播电视台,梅州,梅州,,
,,梅州,梅州综合频道（高标清同播）,综合频道（高标清同播）,
,,梅州,梅州公共频道（高标清同播）,公共频道（高标清同播）,
广东,茂名市广播电视台,茂名,茂名,,
,,茂名,茂名新闻综合频道（高标清同播）,新闻综合频道（高标清同播）,
,,茂名,茂名公共频道（高标清同播）,公共频道（高标清同播）,
广西,广西广播电视台,广西,广西,,
,,广西,广西综合频道（高标清同播）,综合频道（高标清同播）,
,,广西,广西综艺旅游频道（高标清同播）,综艺旅游频道（高标清同播）,
,,广西,广西都市频道（高标清同播）,都市频道（高标清同播）,
,,广西,广西乐思购频道,乐思购频道,
,,广西,广西影视频道（高标清同播）,影视频道（高标清同播）,
,,广西,广西新闻频道（高标清同播）,新闻频道（高标清同播）,
,,广西,广西科教频道,科教频道,
,,广西,广西公共频道（高标清同播）,公共频道（高标清同播）,
,,广西,广西移动电视频道,移动电视频道,
,,广西,广西国际频道（仅限境外落地）,国际频道（仅限境外落地）,
广西,南宁市广播电视台,南宁,南宁,,
,,南宁,南宁新闻综合频道（高标清同播）,新闻综合频道（高标清同播）,
,,南宁,南宁都市生活频道（高标清同播）,都市生活频道（高标清同播）,
,,南宁,南宁影视娱乐频道（高标清同播）,影视娱乐频道（高标清同播）,
,,南宁,南宁公共频道（高标清同播）,公共频道（高标清同播）,
广西,桂林市广播电视台,桂林,桂林,,
,,桂林,桂林新闻综合频道（高标清同播）,新闻综合频道（高标清同播）,
,,桂林,桂林科教旅游频道,科教旅游频道,
,,桂林,桂林公共频道,公共频道,
广西,北海市广播电视台,北海,北海,,
,,北海,北海新闻综合频道,新闻综合频道,
,,北海,北海经济科教频道,经济科教频道,
,,北海,北海公共频道,公共频道,
广西,玉林市广播电视台,玉林,玉林,,
,,玉林,玉林新闻综合频道,新闻综合频道,
,,玉林,玉林公共频道,公共频道,
广西,梧州市广播电视台,梧州,梧州,,
,,梧州,梧州新闻综合频道（高标清同播）,新闻综合频道（高标清同播）,
,,梧州,梧州公共频道（高标清同播）,公共频道（高标清同播）,
,,梧州,梧州教育生活频道（高标清同播）,教育生活频道（高标清同播）,
广西,百色市广播电视台,百色,百色,,
,,百色,百色综合频道（高标清同播）,综合频道（高标清同播）,
,,百色,百色公共频道,公共频道,
广西,贵港市广播电视台,贵港,贵港,,
,,贵港,贵港新闻综合频道,新闻综合频道,
,,贵港,贵港公共频道,公共频道,
广西,钦州市广播电视台,钦州,钦州,,
,,钦州,钦州综合频道,综合频道,
,,钦州,钦州公共频道,公共频道,
广西,来宾市广播电视台,来宾,来宾,,
,,来宾,来宾综合频道,综合频道,
广西,贺州市广播电视台,贺州,贺州,,
,,贺州,贺州综合频道,综合频道,
广西,崇左市广播电视台,崇左,崇左,,
,,崇左,崇左综合频道,综合频道,
广西,河池市广播电视台,河池,河池,,
,,河池,河池新闻综合频道,新闻综合频道,
,,河池,河池教育频道,教育频道,
广西,柳州市广播电视台,柳州,柳州,,
,,柳州,柳州新闻综合频道,新闻综合频道,
,,柳州,柳州科教频道,科教频道,
,,柳州,柳州公共频道,公共频道,
广西,防城港市广播电视台,防城港,防城港,,
,,防城港,防城港新闻综合频道,新闻综合频道,
,,防城港,防城港公共频道,公共频道,
贵州,贵州广播电视台,贵州,贵州,,
,,贵州,贵州新闻综合频道（高标清同播）,新闻综合频道（高标清同播）,
,,贵州,贵州公共频道（高标清同播）,公共频道（高标清同播）,
,,贵州,贵州影视文艺频道,影视文艺频道,
,,贵州,贵州大众生活频道,大众生活频道,
,,贵州,贵州体育旅游频道,体育旅游频道,
,,贵州,贵州科教健康频道,科教健康频道,
,,贵州,贵州经济频道,经济频道,
,,贵州,贵州家有购物频道（高标清同播）,家有购物频道（高标清同播）,
,,贵州,贵州移动电视频道,移动电视频道,
贵州,贵阳市广播电视台,贵阳,贵阳,,
,,贵阳,贵阳新闻综合频道（高标清同播）,新闻综合频道（高标清同播）,
,,贵阳,贵阳经济生活频道,经济生活频道,
,,贵阳,贵阳法制频道,法制频道,
,,贵阳,贵阳都市频道,都市频道,
贵州,六盘水市广播电视台,六盘水,六盘水,,
,,六盘水,六盘水新闻综合频道,新闻综合频道,
,,六盘水,六盘水公共频道,公共频道,
贵州,黔西南布依族苗族自治州广播电视台,黔西南布依族苗族自治州,黔西南布依族苗族自治州,,
,,黔西南布依族苗族自治州,黔西南布依族苗族自治州新闻综合频道（高标清同播）,新闻综合频道（高标清同播）,
,,黔西南布依族苗族自治州,黔西南布依族苗族自治州公共频道（高标清同播）,公共频道（高标清同播）,
贵州,黔东南苗族侗族自治州广播电视台,黔东南苗族侗族自治州,黔东南苗族侗族自治州,,
,,黔东南苗族侗族自治州,黔东南苗族侗族自治州综合频道（高标清同播）,综合频道（高标清同播）,
贵州,毕节市广播电视台,毕节,毕节,,
,,毕节,毕节新闻综合频道,新闻综合频道,
,,毕节,毕节公共频道,公共频道,
贵州,遵义市广播电视台,遵义,遵义,,
,,遵义,遵义新闻综合频道,新闻综合频道,
,,遵义,遵义都市频道,都市频道,
,,遵义,遵义公共频道,公共频道,
贵州,铜仁市广播电视台,铜仁,铜仁,,
,,铜仁,铜仁新闻综合频道,新闻综合频道,
,,铜仁,铜仁公共频道,公共频道,
贵州,黔南布依族苗族自治州广播电视台,黔南布依族苗族自治州,黔南布依族苗族自治州,,
,,黔南布依族苗族自治州,黔南布依族苗族自治州新闻综合频道（高标清同播）,新闻综合频道（高标清同播）,
,,黔南布依族苗族自治州,黔南布依族苗族自治州公共频道（高标清同播）,公共频道（高标清同播）,
贵州,安顺市广播电视台,安顺,安顺,,
,,安顺,安顺新闻综合频道（高标清同播）,新闻综合频道（高标清同播）,
,,安顺,安顺公共频道,公共频道,
海南,海南广播电视台,海南,海南,,
,,海南,海南综合频道（高标清同播）,综合频道（高标清同播）,
,,海南,海南经济生活频道（高标清同播）,经济生活频道（高标清同播）,
,,海南,海南公共频道（高标清同播）,公共频道（高标清同播）,
,,海南,海南文旅频道（高标清同播）,文旅频道（高标清同播）,
,,海南,海南少儿频道（高标清同播）,少儿频道（高标清同播）,
,,海南,海南新闻频道（高标清同播）,新闻频道（高标清同播）,
,,海南,海南移动电视频道,移动电视频道,
海南,海口市广播电视台,海口,海口,,
,,海口,海口综合频道（高标清同播）,综合频道（高标清同播）,
,,海口,海口生活娱乐频道（高标清同播）,生活娱乐频道（高标清同播）,
,,海口,海口城乡经济频道（高标清同播）,城乡经济频道（高标清同播）,
海南,三亚市广播电视台,三亚,三亚,,
,,三亚,三亚新闻综合频道,新闻综合频道,
海南,三沙市广播电视台,三沙,三沙,,
,,三沙,三沙三沙综合频道（高标清同播）,三沙综合频道（高标清同播）,
海南,儋州市广播电视台,儋州,儋州,,
,,儋州,儋州综合频道（高标清同播）,综合频道（高标清同播）,
河北,邢台市广播电视台,邢台,邢台,,
,,邢台,邢台综合频道（高标清同播）,综合频道（高标清同播）,
,,邢台,邢台城市生活频道（高标清同播）,城市生活频道（高标清同播）,
河北,河北广播电视台,河北,河北,,
,,河北,河北新闻综合频道（高标清同播）,新闻综合频道（高标清同播）,
,,河北,河北经济生活频道（高标清同播）,经济生活频道（高标清同播）,
,,河北,河北都市频道（高标清同播）,都市频道（高标清同播）,
,,河北,河北影视剧频道（高标清同播）,影视剧频道（高标清同播）,
,,河北,河北少儿科技频道（高标清同播）,少儿科技频道（高标清同播）,
,,河北,河北公共频道（高标清同播）,公共频道（高标清同播）,
,,河北,河北农民频道（高标清同播）,农民频道（高标清同播）,
河北,石家庄市广播电视台,石家庄,石家庄,,
,,石家庄,石家庄新闻综合频道（高标清同播）,新闻综合频道（高标清同播）,
,,石家庄,石家庄娱乐频道,娱乐频道,
,,石家庄,石家庄生活频道,生活频道,
,,石家庄,石家庄都市频道,都市频道,
,,石家庄,石家庄移动电视频道,移动电视频道,
河北,保定市广播电视台,保定,保定,,
,,保定,保定新闻综合频道（高标清同播）,新闻综合频道（高标清同播）,
,,保定,保定公共频道,公共频道,
,,保定,保定生活健康频道,生活健康频道,
河北,张家口市广播电视台,张家口,张家口,,
,,张家口,张家口新闻综合频道（高标清同播）,新闻综合频道（高标清同播）,
,,张家口,张家口公共频道（高标清同播）,公共频道（高标清同播）,
河北,承德市广播电视台,承德,承德,,
,,承德,承德综合频道（高标清同播）,综合频道（高标清同播）,
,,承德,承德公共频道（高标清同播）,公共频道（高标清同播）,
河北,邯郸市广播电视台,邯郸,邯郸,,
,,邯郸,邯郸新闻综合频道（高标清同播）,新闻综合频道（高标清同播）,
,,邯郸,邯郸科技教育（高标清同播）,科技教育（高标清同播）,
,,邯郸,邯郸公共频道（高标清同播）,公共频道（高标清同播）,
河北,唐山市广播电视台,唐山,唐山,,
,,唐山,唐山新闻综合频道（高标清同播）,新闻综合频道（高标清同播）,
,,唐山,唐山生活服务频道（高标清同播）,生活服务频道（高标清同播）,
,,唐山,唐山影视频道（高标清同播）,影视频道（高标清同播）,
,,唐山,唐山公共频道（高标清同播）,公共频道（高标清同播）,
河北,秦皇岛市广播电视台,秦皇岛,秦皇岛,,
,,秦皇岛,秦皇岛新闻综合频道,新闻综合频道,
,,秦皇岛,秦皇岛公共频道,公共频道,
,,秦皇岛,秦皇岛影视频道,影视频道,
河北,沧州市广播电视台,沧州,沧州,,
,,沧州,沧州新闻综合频道（高标清同播）,新闻综合频道（高标清同播）,
,,沧州,沧州公共频道（高标清同播）,公共频道（高标清同播）,
,,沧州,沧州影视娱乐（高标清同播）,影视娱乐（高标清同播）,
河北,衡水市广播电视台,衡水,衡水,,
,,衡水,衡水新闻综合频道（高标清同播）,新闻综合频道（高标清同播）,
,,衡水,衡水公共频道（高标清同播）,公共频道（高标清同播）,
河北,廊坊市广播电视台,廊坊,廊坊电视节目：,电视节目：,
,,廊坊,廊坊新闻综合频道（高标清同播）,新闻综合频道（高标清同播）,
,,廊坊,廊坊公共频道（高标清同播）,公共频道（高标清同播）,
河南,河南广播电视台,河南,河南,,
,,河南,河南综合频道（高标清同播）,综合频道（高标清同播）,
,,河南,河南都市频道（高标清同播）,都市频道（高标清同播）,
,,河南,河南民生频道（高标清同播）,民生频道（高标清同播）,
,,河南,河南法治频道,法治频道,
,,河南,河南电视剧频道,电视剧频道,
,,河南,河南新闻频道,新闻频道,
,,河南,河南欢腾购物频道,欢腾购物频道,
,,河南,河南公共频道,公共频道,
,,河南,河南乡村频道,乡村频道,
,,河南,河南移动电视频道,移动电视频道,仅限境外落地的频道：
,,河南,河南中华功夫卫星电视频道,中华功夫卫星电视频道,
,,河南,河南国际频道,国际频道,
河南,郑州市广播电视台,郑州,郑州,,
,,郑州,郑州新闻综合频道,新闻综合频道,
,,郑州,郑州商都频道,商都频道,
,,郑州,郑州文体旅游频道,文体旅游频道,
,,郑州,郑州影视戏曲频道,影视戏曲频道,
,,郑州,郑州妇女儿童频道,妇女儿童频道,
,,郑州,郑州都市生活频道,都市生活频道,
河南,漯河市广播电视台,漯河,漯河,,
,,漯河,漯河新闻综合频道,新闻综合频道,
,,漯河,漯河公共频道,公共频道,
河南,周口市广播电视台,周口,周口,,
,,周口,周口新闻综合频道,新闻综合频道,
,,周口,周口教育频道,教育频道,
,,周口,周口公共频道,公共频道,
河南,洛阳市广播电视台,洛阳,洛阳,,
,,洛阳,洛阳新闻综合频道（高标清同播）,新闻综合频道（高标清同播）,
,,洛阳,洛阳科教频道（高标清同播）,科教频道（高标清同播）,
,,洛阳,洛阳文旅频道（高标清同播）,文旅频道（高标清同播）,
河南,南阳市广播电视台,南阳,南阳,,
,,南阳,南阳新闻综合频道,新闻综合频道,
,,南阳,南阳科教频道,科教频道,
,,南阳,南阳公共频道,公共频道,
河南,新乡市广播电视台,新乡,新乡,,
,,新乡,新乡新闻综合频道,新闻综合频道,
,,新乡,新乡公共频道,公共频道,
河南,商丘市广播电视台,商丘,商丘,,
,,商丘,商丘新闻综合频道,新闻综合频道,
,,商丘,商丘公共频道,公共频道,
,,商丘,商丘文体科教频道,文体科教频道,
河南,濮阳市广播电视台,濮阳,濮阳,,
,,濮阳,濮阳新闻综合频道,新闻综合频道,
,,濮阳,濮阳公共频道,公共频道,
,,濮阳,濮阳科教频道,科教频道,
河南,三门峡市广播电视台,三门峡,三门峡,,
,,三门峡,三门峡新闻综合频道,新闻综合频道,
,,三门峡,三门峡公共频道,公共频道,
河南,信阳市广播电视台,信阳,信阳电视频道：,电视频道：,
,,信阳,信阳新闻综合频道,新闻综合频道,
,,信阳,信阳公共频道,公共频道,
河南,开封市广播电视台,开封,开封,,
,,开封,开封新闻综合频道,新闻综合频道,
,,开封,开封文化旅游频道,文化旅游频道,
河南,安阳市广播电视台,安阳,安阳,,
,,安阳,安阳新闻综合频道,新闻综合频道,
,,安阳,安阳科教频道,科教频道,
,,安阳,安阳公共频道,公共频道,
河南,许昌市广播电视台,许昌,许昌,,
,,许昌,许昌新闻综合频道,新闻综合频道,
,,许昌,许昌公共频道,公共频道,
,,许昌,许昌农业科技教育频道,农业科技教育频道,
河南,焦作市广播电视台,焦作,焦作,,
,,焦作,焦作新闻综合频道,新闻综合频道,
,,焦作,焦作公共频道,公共频道,
河南,平顶山市广播电视台,平顶山,平顶山,,
,,平顶山,平顶山新闻综合频道,新闻综合频道,
,,平顶山,平顶山公共频道,公共频道,
,,平顶山,平顶山城市频道,城市频道,
河南,鹤壁市广播电视台,鹤壁,鹤壁,,
,,鹤壁,鹤壁新闻综合频道,新闻综合频道,
河南,驻马店市广播电视台,驻马店,驻马店电视频道：,电视频道：,
,,驻马店,驻马店新闻综合频道,新闻综合频道,
,,驻马店,驻马店科教频道,科教频道,
,,驻马店,驻马店公共频道,公共频道,
黑龙江,黑龙江广播电视台,黑龙江,黑龙江,,
,,黑龙江,黑龙江综合频道（高标清同播）,综合频道（高标清同播）,
,,黑龙江,黑龙江影视频道（高标清同播）,影视频道（高标清同播）,
,,黑龙江,黑龙江文体频道（高标清同播）,文体频道（高标清同播）,
,,黑龙江,黑龙江都市频道（高标清同播）,都市频道（高标清同播）,
,,黑龙江,黑龙江新闻・法治频道（高标清同播）,新闻・法治频道（高标清同播）,
,,黑龙江,黑龙江公共・农业频道（高标清同播）,公共・农业频道（高标清同播）,
,,黑龙江,黑龙江少儿频道（高标清同播）,少儿频道（高标清同播）,
,,黑龙江,黑龙江移动电视频道,移动电视频道,
黑龙江,哈尔滨市广播电视台,哈尔滨,哈尔滨,,
,,哈尔滨,哈尔滨新闻综合频道（高标清同播）,新闻综合频道（高标清同播）,
,,哈尔滨,哈尔滨生活频道,生活频道,
,,哈尔滨,哈尔滨影视频道,影视频道,
,,哈尔滨,哈尔滨娱乐频道,娱乐频道,
,,哈尔滨,哈尔滨都市资讯频道,都市资讯频道,
,,哈尔滨,哈尔滨天鹅购物频道,天鹅购物频道,
黑龙江,牡丹江市广播电视台,牡丹江,牡丹江,,
,,牡丹江,牡丹江新闻综合频道,新闻综合频道,
,,牡丹江,牡丹江公共频道,公共频道,
,,牡丹江,牡丹江教育频道,教育频道,
黑龙江,七台河市广播电视台,七台河,七台河,,
,,七台河,七台河新闻综合频道（高标清同播）,新闻综合频道（高标清同播）,
,,七台河,七台河公共频道（高标清同播）,公共频道（高标清同播）,
黑龙江,大庆市广播电视台,大庆,大庆,,
,,大庆,大庆新闻综合频道,新闻综合频道,
,,大庆,大庆公共频道,公共频道,
,,大庆,大庆教育频道,教育频道,
黑龙江,鹤岗市广播电视台,鹤岗,鹤岗,,
,,鹤岗,鹤岗新闻综合频道,新闻综合频道,
,,鹤岗,鹤岗公共频道,公共频道,
黑龙江,齐齐哈尔市广播电视台,齐齐哈尔,齐齐哈尔,,
,,齐齐哈尔,齐齐哈尔新闻综合频道,新闻综合频道,
,,齐齐哈尔,齐齐哈尔公共频道,公共频道,
黑龙江,伊春市广播电视台,伊春,伊春,,
,,伊春,伊春新闻综合频道（高标清同播）,新闻综合频道（高标清同播）,
,,伊春,伊春公共频道（高标清同播）,公共频道（高标清同播）,
黑龙江,鸡西市广播电视台,鸡西,鸡西,,
,,鸡西,鸡西新闻综合频道,新闻综合频道,
,,鸡西,鸡西公共频道,公共频道,
黑龙江,绥化市广播电视台,绥化,绥化,,
,,绥化,绥化新闻综合频道,新闻综合频道,
,,绥化,绥化公共频道,公共频道,
黑龙江,大兴安岭地区广播电视台,大兴安岭地区,大兴安岭地区,,
,,大兴安岭地区,大兴安岭地区新闻综合频道（高标清同播）,新闻综合频道（高标清同播）,
,,大兴安岭地区,大兴安岭地区公共频道（高标清同播）,公共频道（高标清同播）,
黑龙江,双鸭山市广播电视台,双鸭山,双鸭山,,
,,双鸭山,双鸭山新闻综合频道,新闻综合频道,
,,双鸭山,双鸭山公共频道,公共频道,
黑龙江,佳木斯市广播电视台,佳木斯,佳木斯,,
,,佳木斯,佳木斯新闻综合频道,新闻综合频道,
,,佳木斯,佳木斯公共频道,公共频道,
黑龙江,黑河市广播电视台,黑河,黑河,,
,,黑河,黑河新闻综合频道（高标清同播）,新闻综合频道（高标清同播）,
,,黑河,黑河公共频道（高标清同播）,公共频道（高标清同播）,
湖北,湖北广播电视台,湖北,湖北,,
,,湖北,湖北综合频道（高标清同播）,综合频道（高标清同播）,
,,湖北,湖北文艺频道（高标清同播）,文艺频道（高标清同播）,
,,湖北,湖北经济频道（高标清同播）,经济频道（高标清同播）,
,,湖北,湖北美嘉购物频道（高标清同播）,美嘉购物频道（高标清同播）,
,,湖北,湖北影视频道（高标清同播）,影视频道（高标清同播）,
,,湖北,湖北生活频道（高标清同播）,生活频道（高标清同播）,
,,湖北,湖北教育频道（高标清同播）,教育频道（高标清同播）,
,,湖北,湖北公共・新闻频道（高标清同播）,公共・新闻频道（高标清同播）,
,,湖北,湖北垄上频道（高标清同播）,垄上频道（高标清同播）,
湖北,黄石市广播电视台,黄石,黄石,,
,,黄石,黄石新闻综合频道（高标清同播）,新闻综合频道（高标清同播）,
,,黄石,黄石都市频道（高标清同播）,都市频道（高标清同播）,
,,黄石,黄石公共频道（高标清同播）,公共频道（高标清同播）,
湖北,孝感市广播电视台,孝感,孝感,,
,,孝感,孝感新闻综合频道(高标清同播),新闻综合频道(高标清同播),
,,孝感,孝感公共频道(高标清同播),公共频道(高标清同播),
湖北,宜昌三峡广播电视台,宜昌三峡,宜昌三峡,,
,,宜昌三峡,宜昌三峡综合频道（高标清同播）,综合频道（高标清同播）,
,,宜昌三峡,宜昌三峡旅游生活频道（高标清同播）,旅游生活频道（高标清同播）,
,,宜昌三峡,宜昌三峡公共频道（高标清同播）,公共频道（高标清同播）,
湖北,荆州市广播电视台,荆州,荆州,,
,,荆州,荆州新闻频道（高标清同播）,新闻频道（高标清同播）,
,,荆州,荆州垄上频道（高标清同播）,垄上频道（高标清同播）,
,,荆州,荆州公共频道（高标清同播）,公共频道（高标清同播）,
湖北,黄冈市广播电视台,黄冈,黄冈,,
,,黄冈,黄冈新闻频道（高标清同播）,新闻频道（高标清同播）,
,,黄冈,黄冈公共频道（高标清同播）,公共频道（高标清同播）,
湖北,恩施土家族苗族自治州广播电视台,恩施土家族苗族自治州,恩施土家族苗族自治州,,
,,恩施土家族苗族自治州,恩施土家族苗族自治州新闻综合频道（高标清同播）,新闻综合频道（高标清同播）,
,,恩施土家族苗族自治州,恩施土家族苗族自治州文旅频道（高标清同播）,文旅频道（高标清同播）,
湖北,武汉市广播电视台,武汉,武汉,,
,,武汉,武汉新闻综合频道（高标清同播）,新闻综合频道（高标清同播）,
,,武汉,武汉电视剧频道（高标清同播）,电视剧频道（高标清同播）,
,,武汉,武汉科技生活频道,科技生活频道,
,,武汉,武汉经济频道,经济频道,
,,武汉,武汉文体频道（高标清同播）,文体频道（高标清同播）,
,,武汉,武汉外语频道,外语频道,
,,武汉,武汉少儿频道,少儿频道,
,,武汉,武汉广通购物频道,广通购物频道,
湖北,鄂州市广播电视台,鄂州,鄂州,,
,,鄂州,鄂州新闻综合频道,新闻综合频道,
,,鄂州,鄂州公共频道,公共频道,
湖北,荆门市广播电视台,荆门,荆门,,
,,荆门,荆门新闻频道（高标清同播）,新闻频道（高标清同播）,
,,荆门,荆门教育频道,教育频道,
,,荆门,荆门公共频道,公共频道,
湖北,十堰市广播电视台,十堰,十堰,,
,,十堰,十堰新闻频道（高标清同播）,新闻频道（高标清同播）,
,,十堰,十堰经济旅游频道（高标清同播）,经济旅游频道（高标清同播）,
,,十堰,十堰公共频道（高标清同播）,公共频道（高标清同播）,
湖北,襄阳市广播电视台,襄阳,襄阳,,
,,襄阳,襄阳综合频道（高标清同播）,综合频道（高标清同播）,
,,襄阳,襄阳经济生活频道（高标清同播）,经济生活频道（高标清同播）,
,,襄阳,襄阳公共频道（高标清同播）,公共频道（高标清同播）,
湖北,随州市广播电视台,随州,随州,,
,,随州,随州综合频道,综合频道,
,,随州,随州农村频道,农村频道,
湖北,咸宁市广播电视台,咸宁,咸宁,,
,,咸宁,咸宁综合频道（高标清同播）,综合频道（高标清同播）,
,,咸宁,咸宁公共频道,公共频道,
湖南,湖南广播电视台,湖南,湖南,,
,,湖南,湖南新闻综合频道（高标清同播）,新闻综合频道（高标清同播）,
,,湖南,湖南经视频道（高标清同播）,经视频道（高标清同播）,
,,湖南,湖南都市频道（高标清同播）,都市频道（高标清同播）,
,,湖南,湖南金鹰纪实频道（高标清同播）,金鹰纪实频道（高标清同播）,
,,湖南,湖南娱乐频道（高标清同播）,娱乐频道（高标清同播）,
,,湖南,湖南电视剧频道（高标清同播）,电视剧频道（高标清同播）,
,,湖南,湖南公共频道,公共频道,
,,湖南,湖南电影频道（高标清同播）,电影频道（高标清同播）,
,,湖南,湖南金鹰卡通频道（高标清同播）,金鹰卡通频道（高标清同播）,
,,湖南,湖南快乐购物频道（高标清同播）,快乐购物频道（高标清同播）,仅限境外落地的频道：
,,湖南,湖南国际频道,国际频道,
湖南,长沙市广播电视台,长沙,长沙,,
,,长沙,长沙新闻频道（高标清同播）,新闻频道（高标清同播）,
,,长沙,长沙政法频道（高标清同播）,政法频道（高标清同播）,
,,长沙,长沙女性频道,女性频道,
,,长沙,长沙影视频道（高标清同播）,影视频道（高标清同播）,
,,长沙,长沙嘉丽购物频道（与株洲市、湘潭市电视台联办）,嘉丽购物频道（与株洲市、湘潭市电视台联办）,
,,长沙,长沙移动电视频道,移动电视频道,
湖南,常德市广播电视台,常德,常德,,
,,常德,常德新闻综合频道（高标清同播）,新闻综合频道（高标清同播）,
,,常德,常德公共频道（高标清同播）,公共频道（高标清同播）,
湖南,邵阳市广播电视台,邵阳,邵阳,,
,,邵阳,邵阳新闻综合频道（高标清同播）,新闻综合频道（高标清同播）,
,,邵阳,邵阳公共频道,公共频道,
湖南,岳阳市广播电视台,岳阳,岳阳,,
,,岳阳,岳阳新闻综合频道（高标清同播）,新闻综合频道（高标清同播）,
,,岳阳,岳阳科教频道（高标清同播）,科教频道（高标清同播）,
,,岳阳,岳阳公共频道（高标清同播）,公共频道（高标清同播）,
湖南,湘西土家族苗族自治州广播电视台,湘西土家族苗族自治州,湘西土家族苗族自治州,,
,,湘西土家族苗族自治州,湘西土家族苗族自治州新闻综合频道（高标清同播）,新闻综合频道（高标清同播）,
,,湘西土家族苗族自治州,湘西土家族苗族自治州公共频道（高标清同播）,公共频道（高标清同播）,
湖南,湘潭市广播电视台,湘潭,湘潭,,
,,湘潭,湘潭综合频道（高标清同播）,综合频道（高标清同播）,
,,湘潭,湘潭公共频道,公共频道,
湖南,衡阳市广播电视台,衡阳,衡阳,,
,,衡阳,衡阳新闻综合频道,新闻综合频道,
,,衡阳,衡阳公共频道,公共频道,
湖南,永州市广播电视台,永州,永州,,
,,永州,永州新闻综合频道（高标清同播）,新闻综合频道（高标清同播）,
,,永州,永州公共频道（高标清同播,公共频道（高标清同播,
湖南,娄底市广播电视台,娄底,娄底,,
,,娄底,娄底综合频道（高标清同播）,综合频道（高标清同播）,
,,娄底,娄底公共频道（高标清同播）,公共频道（高标清同播）,
湖南,张家界市广播电视台,张家界,张家界,,
,,张家界,张家界新闻综合频道（高标清同播）,新闻综合频道（高标清同播）,
,,张家界,张家界公共频道（高标清同播）,公共频道（高标清同播）,
湖南,郴州市广播电视台,郴州,郴州,,
,,郴州,郴州新闻综合频道（高标清同播）,新闻综合频道（高标清同播）,
,,郴州,郴州公共频道（高标清同播）,公共频道（高标清同播）,
湖南,株洲市广播电视台,株洲,株洲,,
,,株洲,株洲新闻综合频道,新闻综合频道,
,,株洲,株洲公共频道,公共频道,
湖南,怀化市广播电视台,怀化,怀化,,
,,怀化,怀化新闻综合频道（高标清同播）,新闻综合频道（高标清同播）,
,,怀化,怀化公共频道（高标清同播）,公共频道（高标清同播）,
湖南,益阳市广播电视台,益阳,益阳,,
,,益阳,益阳新闻综合频道（高标清同播）,新闻综合频道（高标清同播）,
,,益阳,益阳公共频道,公共频道,
吉林,吉林广播电视台,吉林,吉林,,
,,吉林,吉林综合频道（高标清同播）,综合频道（高标清同播）,
,,吉林,吉林都市频道（高标清同播）,都市频道（高标清同播）,
,,吉林,吉林生活频道（高标清同播）,生活频道（高标清同播）,
,,吉林,吉林影视频道（高标清同播）,影视频道（高标清同播）,
,,吉林,吉林乡村频道（高标清同播）,乡村频道（高标清同播）,
,,吉林,吉林综艺・文化频道（高标清同播）,综艺・文化频道（高标清同播）,
,,吉林,吉林公共・新闻频道（高标清同播）,公共・新闻频道（高标清同播）,
,,吉林,吉林长影频道,长影频道,
,,吉林,吉林延边卫视频道,延边卫视频道,
吉林,长春市广播电视台,长春,长春,,
,,长春,长春综合频道（高标清同播）,综合频道（高标清同播）,
,,长春,长春娱乐频道,娱乐频道,
,,长春,长春市民生活频道,市民生活频道,
,,长春,长春经济频道,经济频道,
,,长春,长春汽车频道,汽车频道,
吉林,通化市广播电视台,通化,通化,,
,,通化,通化新闻综合频道,新闻综合频道,
,,通化,通化科教频道,科教频道,
,,通化,通化公共频道,公共频道,
吉林,辽源市广播电视台,辽源,辽源,,
,,辽源,辽源新闻综合频道（高标清同播）,新闻综合频道（高标清同播）,
,,辽源,辽源公共频道,公共频道,
吉林,四平市广播电视台,四平,四平,,
,,四平,四平新闻综合频道（高标清同播）,新闻综合频道（高标清同播）,
,,四平,四平公共频道（高标清同播）,公共频道（高标清同播）,
吉林,白山市广播电视台,白山,白山,,
,,白山,白山新闻综合频道,新闻综合频道,
,,白山,白山公共频道,公共频道,
吉林,白城市广播电视台,白城,白城,,
,,白城,白城新闻综合频道,新闻综合频道,
,,白城,白城公共频道,公共频道,
吉林,吉林市广播电视台,吉林,吉林,,
,,吉林,吉林新闻综合频道,新闻综合频道,
,,吉林,吉林科教频道,科教频道,
,,吉林,吉林公共频道,公共频道,
吉林,延边朝鲜族自治州广播电视台,延边朝鲜族自治州,延边朝鲜族自治州,,
,,延边朝鲜族自治州,延边朝鲜族自治州朝鲜语综合频道,朝鲜语综合频道,
,,延边朝鲜族自治州,延边朝鲜族自治州汉语综合频道,汉语综合频道,
吉林,松原市广播电视台,松原,松原,,
,,松原,松原新闻综合频道,新闻综合频道,
,,松原,松原公共频道,公共频道,
江苏,江苏广播电视台,江苏,江苏,,
,,江苏,江苏综合频道（高标清同播）,综合频道（高标清同播）,
,,江苏,江苏城市频道（高标清同播）,城市频道（高标清同播）,
,,江苏,江苏综艺频道（高标清同播）,综艺频道（高标清同播）,
,,江苏,江苏影视频道（高标清同播）,影视频道（高标清同播）,
,,江苏,江苏好享购物频道（高标清同播）,好享购物频道（高标清同播）,
,,江苏,江苏体育休闲频道（高标清同播）,体育休闲频道（高标清同播）,
,,江苏,江苏公共・新闻频道（高标清同播）,公共・新闻频道（高标清同播）,
,,江苏,江苏优漫卡通频道（高标清同播）,优漫卡通频道（高标清同播）,
,,江苏,江苏教育频道（高标清同播）,教育频道（高标清同播）,仅限境外落地的频道：
,,江苏,江苏国际频道,国际频道,
江苏,南京市广播电视台,南京,南京,,
,,南京,南京新闻综合频道（高标清同播）,新闻综合频道（高标清同播）,
,,南京,南京影视频道（高标清同播）,影视频道（高标清同播）,
,,南京,南京生活频道,生活频道,
,,南京,南京娱乐频道（高标清同播）,娱乐频道（高标清同播）,
,,南京,南京信息频道（高标清同播）,信息频道（高标清同播）,
,,南京,南京教育科技频道（高标清同播）,教育科技频道（高标清同播）,
,,南京,南京少儿频道（高标清同播）,少儿频道（高标清同播）,
,,南京,南京十八频道,十八频道,
江苏,苏州市广播电视台,苏州,苏州,,
,,苏州,苏州新闻综合频道（高标清同播）,新闻综合频道（高标清同播）,
,,苏州,苏州文化生活频道（高标清同播）,文化生活频道（高标清同播）,
,,苏州,苏州社会经济频道（高标清同播）,社会经济频道（高标清同播）,
,,苏州,苏州电影娱乐信息频道（高标清同播）,电影娱乐信息频道（高标清同播）,
,,苏州,苏州生活资讯频道（高标清同播）,生活资讯频道（高标清同播）,
,,苏州,苏州移动电视频道,移动电视频道,
江苏,宿迁市广播电视台,宿迁,宿迁,,
,,宿迁,宿迁新闻综合频道（高标清同播）,新闻综合频道（高标清同播）,
,,宿迁,宿迁公共频道（高标清同播）,公共频道（高标清同播）,
江苏,无锡市广播电视台,无锡,无锡,,
,,无锡,无锡新闻综合频道（高标清同播）,新闻综合频道（高标清同播）,
,,无锡,无锡娱乐频道（高标清同播）,娱乐频道（高标清同播）,
,,无锡,无锡都市资讯频道（高标清同播）,都市资讯频道（高标清同播）,
,,无锡,无锡经济频道（高标清同播）,经济频道（高标清同播）,
,,无锡,无锡生活频道（高标清同播）,生活频道（高标清同播）,
,,无锡,无锡影视频道（高标清同播）,影视频道（高标清同播）,
,,无锡,无锡移动电视频道,移动电视频道,
江苏,连云港市广播电视台,连云港,连云港,,
,,连云港,连云港新闻综合频道（高标清同播）,新闻综合频道（高标清同播）,
,,连云港,连云港公共频道（高标清同播）,公共频道（高标清同播）,
江苏,常州市广播电视台,常州,常州,,
,,常州,常州新闻综合频道（高标清同播）,新闻综合频道（高标清同播）,
,,常州,常州生活频道（高标清同播）,生活频道（高标清同播）,
,,常州,常州都市频道（高标清同播）,都市频道（高标清同播）,
,,常州,常州公共频道（高标清同播）,公共频道（高标清同播）,
江苏,南通市广播电视台,南通,南通,,
,,南通,南通新闻综合频道（高标清同播）,新闻综合频道（高标清同播）,
,,南通,南通教育频道（高标清同播）,教育频道（高标清同播）,
,,南通,南通公共频道（高标清同播）,公共频道（高标清同播）,
江苏,淮安市广播电视台,淮安,淮安,,
,,淮安,淮安综合频道（高标清同播）,综合频道（高标清同播）,
,,淮安,淮安公共频道（高标清同播）,公共频道（高标清同播）,
,,淮安,淮安影视娱乐频道（高标清同播）,影视娱乐频道（高标清同播）,
江苏,镇江市广播电视台,镇江,镇江,,
,,镇江,镇江新闻综合频道（高标清同播）,新闻综合频道（高标清同播）,
,,镇江,镇江教育频道,教育频道,
,,镇江,镇江公共频道,公共频道,
江苏,徐州市广播电视台,徐州,徐州,,
,,徐州,徐州新闻综合频道（高标清同播）,新闻综合频道（高标清同播）,
,,徐州,徐州经济生活频道（高标清同播）,经济生活频道（高标清同播）,
,,徐州,徐州文艺影视频道（高标清同播）,文艺影视频道（高标清同播）,
,,徐州,徐州公共频道（高标清同播）,公共频道（高标清同播）,
江苏,扬州市广播电视台,扬州,扬州,,
,,扬州,扬州新闻综合频道（高标清同播）,新闻综合频道（高标清同播）,
,,扬州,扬州教育频道（高标清同播）,教育频道（高标清同播）,
,,扬州,扬州公共频道（高标清同播）,公共频道（高标清同播）,
江苏,盐城市广播电视台,盐城,盐城,,
,,盐城,盐城新闻综合频道（高标清同播）,新闻综合频道（高标清同播）,
,,盐城,盐城教育频道,教育频道,
,,盐城,盐城公共频道,公共频道,
江苏,泰州市广播电视台,泰州,泰州,,
,,泰州,泰州新闻综合频道（高标清同播）,新闻综合频道（高标清同播）,
,,泰州,泰州教育频道（高标清同播）,教育频道（高标清同播）,
,,泰州,泰州公共频道（高标清同播）,公共频道（高标清同播）,
江西,江西广播电视台,江西,江西,,
,,江西,江西综合频道（高标清同播）,综合频道（高标清同播）,
,,江西,江西都市频道,都市频道,
,,江西,江西经济生活频道（高标清同播）,经济生活频道（高标清同播）,
,,江西,江西影视・旅游频道,影视・旅游频道,
,,江西,江西公共・农业频道,公共・农业频道,
,,江西,江西少儿频道（高标清同播）,少儿频道（高标清同播）,
,,江西,江西新闻频道（高标清同播）,新闻频道（高标清同播）,
,,江西,江西移动电视频道,移动电视频道,
江西,新余市广播电视台,新余,新余,,
,,新余,新余新闻综合频道（高标清同播）,新闻综合频道（高标清同播）,
,,新余,新余公共频道,公共频道,
,,新余,新余教育频道,教育频道,
江西,九江市广播电视台,九江,九江,,
,,九江,九江新闻综合频道（高标清同播）,新闻综合频道（高标清同播）,
,,九江,九江公共频道（高标清同播）,公共频道（高标清同播）,
,,九江,九江教育频道（高标清同播）,教育频道（高标清同播）,
江西,萍乡市广播电视台,萍乡,萍乡,,
,,萍乡,萍乡新闻综合频道（高标清同播）,新闻综合频道（高标清同播）,
,,萍乡,萍乡公共频道,公共频道,
,,萍乡,萍乡教育频道,教育频道,
江西,赣州市广播电视台,赣州,赣州电视节目,电视节目,
,,赣州,赣州新闻综合频道（高标清同播）,新闻综合频道（高标清同播）,
,,赣州,赣州公共频道（高标清同播）,公共频道（高标清同播）,
,,赣州,赣州教育频道（高标清同播）,教育频道（高标清同播）,
江西,南昌市广播电视台,南昌,南昌,,
,,南昌,南昌新闻综合频道（高标清同播）,新闻综合频道（高标清同播）,
,,南昌,南昌都市频道（高标清同播）,都市频道（高标清同播）,
,,南昌,南昌资讯频道（高标清同播）,资讯频道（高标清同播）,
,,南昌,南昌公共频道（高标清同播）,公共频道（高标清同播）,
江西,鹰潭市广播电视台,鹰潭,鹰潭,,
,,鹰潭,鹰潭综合频道（高标清同播）,综合频道（高标清同播）,
,,鹰潭,鹰潭公共频道（高标清同播）,公共频道（高标清同播）,
江西,吉安市广播电视台,吉安,吉安,,
,,吉安,吉安综合频道（高标清同播）,综合频道（高标清同播）,
,,吉安,吉安公共频道（高标清同播）,公共频道（高标清同播）,
江西,景德镇市广播电视台,景德镇,景德镇,,
,,景德镇,景德镇新闻综合频道,新闻综合频道,
,,景德镇,景德镇公共频道,公共频道,
江西,宜春市广播电视台,宜春,宜春,,
,,宜春,宜春综合频道,综合频道,
,,宜春,宜春公共频道,公共频道,
江西,上饶市广播电视台,上饶,上饶,,
,,上饶,上饶新闻综合频道（高标清同播）,新闻综合频道（高标清同播）,
,,上饶,上饶公共频道（高标清同播）,公共频道（高标清同播）,
江西,抚州市广播电视台,抚州,抚州,,
,,抚州,抚州综合频道（高标清同播）,综合频道（高标清同播）,
,,抚州,抚州公共频道,公共频道,
辽宁,大连开发区广播电视台,大连开发区,大连开发区,,
,,大连开发区,大连开发区综合频道,综合频道,
辽宁,铁岭市广播电视台,铁岭,铁岭,,
,,铁岭,铁岭新闻综合频道,新闻综合频道,
,,铁岭,铁岭公共频道,公共频道,
辽宁,辽宁广播电视台,辽宁,辽宁,,
,,辽宁,辽宁综合频道（高标清同播）,综合频道（高标清同播）,
,,辽宁,辽宁都市频道,都市频道,
,,辽宁,辽宁公共频道（辽沈合作）（高标清同播）,公共频道（辽沈合作）（高标清同播）,
,,辽宁,辽宁教育・青少频道（辽沈合作）,教育・青少频道（辽沈合作）,
,,辽宁,辽宁经济频道（辽沈合作）（高标清同播）,经济频道（辽沈合作）（高标清同播）,
,,辽宁,辽宁生活频道（辽沈合作）,生活频道（辽沈合作）,
,,辽宁,辽宁影视剧频道（辽沈合作）,影视剧频道（辽沈合作）,
,,辽宁,辽宁体育频道（辽沈合作）,体育频道（辽沈合作）,
,,辽宁,辽宁北方频道（辽沈合作）,北方频道（辽沈合作）,
,,辽宁,辽宁宜佳购物频道（辽沈合作）,宜佳购物频道（辽沈合作）,
,,辽宁,辽宁移动电视频道,移动电视频道,
辽宁,沈阳市广播电视台,沈阳,沈阳,,
,,沈阳,沈阳新闻综合频道(高标清同播),新闻综合频道(高标清同播),
辽宁,大连市广播电视台,大连,大连,,
,,大连,大连新闻综合频道（高标清同播）,新闻综合频道（高标清同播）,
,,大连,大连生活频道,生活频道,
,,大连,大连公共频道,公共频道,
,,大连,大连文体频道,文体频道,
,,大连,大连综合影视频道,综合影视频道,
,,大连,大连财经频道,财经频道,
,,大连,大连乐天购物频道（高标清同播）,乐天购物频道（高标清同播）,
,,大连,大连少儿频道,少儿频道,
辽宁,盘锦市广播电视台,盘锦,盘锦,,
,,盘锦,盘锦新闻综合频道,新闻综合频道,
,,盘锦,盘锦公共频道,公共频道,
辽宁,朝阳市广播电视台,朝阳,朝阳,,
,,朝阳,朝阳新闻综合频道,新闻综合频道,
,,朝阳,朝阳公共频道,公共频道,
,,朝阳,朝阳教育频道,教育频道,
辽宁,阜新市广播电视台,阜新,阜新,,
,,阜新,阜新综合频道,综合频道,
,,阜新,阜新公共频道,公共频道,
,,阜新,阜新教育频道,教育频道,
辽宁,辽阳市广播电视台,辽阳,辽阳,,
,,辽阳,辽阳新闻综合频道,新闻综合频道,
,,辽阳,辽阳公共频道,公共频道,
辽宁,葫芦岛市广播电视台,葫芦岛,葫芦岛,,
,,葫芦岛,葫芦岛新闻综合频道（高标清同播）,新闻综合频道（高标清同播）,
,,葫芦岛,葫芦岛公共频道（高标清同播）,公共频道（高标清同播）,
辽宁,营口市广播电视台,营口,营口,,
,,营口,营口新闻综合频道（高标清同播）,新闻综合频道（高标清同播）,
,,营口,营口公共频道,公共频道,
辽宁,锦州市广播电视台,锦州,锦州,,
,,锦州,锦州新闻综合频道,新闻综合频道,
,,锦州,锦州教育频道,教育频道,
,,锦州,锦州公共频道,公共频道,
辽宁,本溪市广播电视台,本溪,本溪,,
,,本溪,本溪综合频道,综合频道,
,,本溪,本溪公共频道,公共频道,
,,本溪,本溪科教频道,科教频道,
辽宁,抚顺市广播电视台,抚顺,抚顺,,
,,抚顺,抚顺综合频道,综合频道,
,,抚顺,抚顺公共频道,公共频道,
,,抚顺,抚顺教育频道,教育频道,
辽宁,丹东市广播电视台,丹东,丹东,,
,,丹东,丹东新闻综合频道,新闻综合频道,
,,丹东,丹东公共频道,公共频道,
辽宁,鞍山市广播电视台,鞍山,鞍山,,
,,鞍山,鞍山新闻综合频道（高标清同播）,新闻综合频道（高标清同播）,
,,鞍山,鞍山公共频道（高标清同播）,公共频道（高标清同播）,
内蒙古,内蒙古广播电视台,内蒙古,内蒙古,,
,,内蒙古,内蒙古新闻综合频道（蒙语）（高标清同播）,新闻综合频道（蒙语）（高标清同播）,
,,内蒙古,内蒙古综合频道（汉语）（高标清同播）,综合频道（汉语）（高标清同播）,
,,内蒙古,内蒙古文体娱乐频道（高标清同播）,文体娱乐频道（高标清同播）,
,,内蒙古,内蒙古经济生活频道（高标清同播）,经济生活频道（高标清同播）,
,,内蒙古,内蒙古新闻综合频道（高标清同播）,新闻综合频道（高标清同播）,
,,内蒙古,内蒙古农牧频道（高标清同播）,农牧频道（高标清同播）,
,,内蒙古,内蒙古少儿频道（高标清同播）,少儿频道（高标清同播）,
,,内蒙古,内蒙古蒙语文化频道（高标清同播）,蒙语文化频道（高标清同播）,
内蒙古,兴安盟广播电视台,兴安盟,兴安盟,,
,,兴安盟,兴安盟新闻综合频道（高标清同播）,新闻综合频道（高标清同播）,
,,兴安盟,兴安盟影视娱乐频道,影视娱乐频道,
,,兴安盟,兴安盟文化旅游频道,文化旅游频道,
内蒙古,呼和浩特市广播电视台,呼和浩特,呼和浩特,,
,,呼和浩特,呼和浩特新闻综合频道（高标清同播）,新闻综合频道（高标清同播）,
,,呼和浩特,呼和浩特都市生活频道（高标清同播）,都市生活频道（高标清同播）,
,,呼和浩特,呼和浩特影视娱乐频道（高标清同播）,影视娱乐频道（高标清同播）,
内蒙古,呼伦贝尔市广播电视台,呼伦贝尔,呼伦贝尔,,
,,呼伦贝尔,呼伦贝尔新闻综合频道（高标清同播）,新闻综合频道（高标清同播）,
,,呼伦贝尔,呼伦贝尔文化旅游频道（高标清同播）,文化旅游频道（高标清同播）,
,,呼伦贝尔,呼伦贝尔生活资讯频道（高标清同播）,生活资讯频道（高标清同播）,
内蒙古,乌兰察布市广播电视台,乌兰察布,乌兰察布,,
,,乌兰察布,乌兰察布新闻综合频道（高标清同播）,新闻综合频道（高标清同播）,
,,乌兰察布,乌兰察布经济生活频道（高标清同播）,经济生活频道（高标清同播）,
,,乌兰察布,乌兰察布生活频道（高标清同播）,生活频道（高标清同播）,
内蒙古,阿拉善盟广播电视台,阿拉善盟,阿拉善盟,,
,,阿拉善盟,阿拉善盟新闻综合频道,新闻综合频道,
,,阿拉善盟,阿拉善盟经济生活频道,经济生活频道,
内蒙古,包头市广播电视台,包头,包头,,
,,包头,包头新闻综合频道(蒙、汉语共用）（高标清同播）,新闻综合频道(蒙、汉语共用）（高标清同播）,
,,包头,包头生活服务频道（高标清同播）,生活服务频道（高标清同播）,
,,包头,包头经济频道（高标清同播）,经济频道（高标清同播）,
内蒙古,锡林郭勒盟广播电视台,锡林郭勒盟,锡林郭勒盟,,
,,锡林郭勒盟,锡林郭勒盟新闻综合频道,新闻综合频道,
,,锡林郭勒盟,锡林郭勒盟影视娱乐频道,影视娱乐频道,
内蒙古,鄂尔多斯市广播电视台,鄂尔多斯,鄂尔多斯,,
,,鄂尔多斯,鄂尔多斯新闻综合频道（高标清同播）,新闻综合频道（高标清同播）,
,,鄂尔多斯,鄂尔多斯经济服务频道（高标清同播）,经济服务频道（高标清同播）,
,,鄂尔多斯,鄂尔多斯城市生活频道（高标清同播）,城市生活频道（高标清同播）,
,,鄂尔多斯,鄂尔多斯蒙语新闻综合频道（高标清同播）,蒙语新闻综合频道（高标清同播）,
内蒙古,通辽市广播电视台,通辽,通辽,,
,,通辽,通辽新闻综合频道（高标清同播）,新闻综合频道（高标清同播）,
,,通辽,通辽城市服务频道,城市服务频道,
,,通辽,通辽蒙语综合频道（高标清同播）,蒙语综合频道（高标清同播）,
内蒙古,巴彦淖尔市广播电视台,巴彦淖尔,巴彦淖尔,,
,,巴彦淖尔,巴彦淖尔新闻综合频道（汉语、蒙语）（高标清同播）,新闻综合频道（汉语、蒙语）（高标清同播）,
,,巴彦淖尔,巴彦淖尔经济生活频道（高标清同播）,经济生活频道（高标清同播）,
,,巴彦淖尔,巴彦淖尔影视娱乐频道（高标清同播）,影视娱乐频道（高标清同播）,
内蒙古,乌海市广播电视台,乌海,乌海,,
,,乌海,乌海新闻综合频道（高标清同播）,新闻综合频道（高标清同播）,
,,乌海,乌海都市生活频道（高标清同播）,都市生活频道（高标清同播）,
内蒙古,赤峰市广播电视台,赤峰,赤峰,,
,,赤峰,赤峰新闻综合频道（高标清同播）,新闻综合频道（高标清同播）,
,,赤峰,赤峰经济服务频道（高标清同播）,经济服务频道（高标清同播）,
,,赤峰,赤峰影视娱乐频道（高标清同播）,影视娱乐频道（高标清同播）,
宁夏,银川市广播电视台,银川,银川,,
,,银川,银川公共频道（高标清同播）,公共频道（高标清同播）,
,,银川,银川生活频道,生活频道,
,,银川,银川文体频道,文体频道,
宁夏,宁夏广播电视台,宁夏,宁夏,,
,,宁夏,宁夏综合频道(高标清同播),综合频道(高标清同播),
,,宁夏,宁夏经济频道（高标清同播）,经济频道（高标清同播）,
,,宁夏,宁夏影视频道（高标清同播）,影视频道（高标清同播）,
,,宁夏,宁夏公共频道（高标清同播）,公共频道（高标清同播）,
,,宁夏,宁夏少儿频道（高标清同播）,少儿频道（高标清同播）,
宁夏,石嘴山市广播电视台,石嘴山,石嘴山,,
,,石嘴山,石嘴山综合频道(高标清同播),综合频道(高标清同播),
,,石嘴山,石嘴山公共频道,公共频道,
宁夏,吴忠市广播电视台,吴忠,吴忠,,
,,吴忠,吴忠综合频道,综合频道,
,,吴忠,吴忠公共频道,公共频道,
宁夏,中卫市广播电视台,中卫,中卫,,
,,中卫,中卫综合频道,综合频道,
宁夏,固原市广播电视台,固原,固原,,
,,固原,固原公共频道,公共频道,
青海,青海广播电视台,青海,青海,,
,,青海,青海新闻综合频道（高标清同播）,新闻综合频道（高标清同播）,
,,青海,青海经济生活频道（高标清同播）,经济生活频道（高标清同播）,
,,青海,青海安多藏语综合频道（高标清同播）,安多藏语综合频道（高标清同播）,
,,青海,青海都市频道（高标清同播）,都市频道（高标清同播）,
青海,西宁市广播电视台,西宁,西宁,,
,,西宁,西宁新闻综合频道（高标清同播）,新闻综合频道（高标清同播）,
,,西宁,西宁生活服务频道（高标清同播）,生活服务频道（高标清同播）,
青海,海南藏族自治州广播电视台,海南藏族自治州,海南藏族自治州,,
,,海南藏族自治州,海南藏族自治州新闻综合频道（高标清同播）,新闻综合频道（高标清同播）,
青海,海西蒙古族藏族自治州广播电视台,海西蒙古族藏族自治州,海西蒙古族藏族自治州,,
,,海西蒙古族藏族自治州,海西蒙古族藏族自治州新闻综合频道,新闻综合频道,
青海,黄南藏族自治州广播电视台,黄南藏族自治州,黄南藏族自治州,,
,,黄南藏族自治州,黄南藏族自治州综合频道,综合频道,
青海,果洛藏族自治州广播电视台,果洛藏族自治州,果洛藏族自治州,,
,,果洛藏族自治州,果洛藏族自治州综合频道,综合频道,
青海,海北藏族自治州广播电视台,海北藏族自治州,海北藏族自治州,,
,,海北藏族自治州,海北藏族自治州新闻综合频道（高标清同播）,新闻综合频道（高标清同播）,
青海,海东地区广播电视台,海东地区,海东地区,,
,,海东地区,海东地区综合频道,综合频道,
青海,玉树藏族自治州广播电视台,玉树藏族自治州,玉树藏族自治州,,
,,玉树藏族自治州,玉树藏族自治州康巴藏语综合频道（高标清同播）,康巴藏语综合频道（高标清同播）,
上海,上海广播电视台,上海,上海电视频道：,电视频道：,
,,上海,上海新闻综合频道（高标清同播）,新闻综合频道（高标清同播）,
,,上海,上海东方影视频道（高标清同播）,东方影视频道（高标清同播）,
,,上海,上海第一财经（高标清同播）,第一财经（高标清同播）,
,,上海,上海五星体育频道（高标清同播）,五星体育频道（高标清同播）,
,,上海,上海纪实人文频道（高标清同播）,纪实人文频道（高标清同播）,
,,上海,上海都市频道（高标清同播）,都市频道（高标清同播）,
,,上海,上海外语频道（高标清同播）,外语频道（高标清同播）,
,,上海,上海东方购物频道（高标清同播）,东方购物频道（高标清同播）,
,,上海,上海哈哈炫动频道（高标清同播）,哈哈炫动频道（高标清同播）,
,,上海,上海东方卫视（高标清同播）,东方卫视（高标清同播）,
,,上海,上海移动电视频道,移动电视频道,仅限境外落地的频道：
,,上海,上海国际频道,国际频道,
山东,聊城市广播电视台,聊城,聊城,,
,,聊城,聊城综合频道（高标清同播）,综合频道（高标清同播）,
,,聊城,聊城公共频道（高标清同播）,公共频道（高标清同播）,
山东,滨州市广播电视台,滨州,滨州,,
,,滨州,滨州新闻综合频道（高标清同播）,新闻综合频道（高标清同播）,
,,滨州,滨州公共频道,公共频道,
山东,山东广播电视台,山东,山东,,
,,山东,山东综合频道（高标清同播）,综合频道（高标清同播）,
,,山东,山东齐鲁频道（高标清同播）,齐鲁频道（高标清同播）,
,,山东,山东文旅频道（高标清同播）,文旅频道（高标清同播）,
,,山东,山东综艺频道（高标清同播）,综艺频道（高标清同播）,
,,山东,山东生活频道（高标清同播）,生活频道（高标清同播）,
,,山东,山东体育频道（高标清同播）,体育频道（高标清同播）,
,,山东,山东农村科普频道（高标清同播）,农村科普频道（高标清同播）,
,,山东,山东新闻频道（高标清同播）,新闻频道（高标清同播）,
,,山东,山东少儿频道（高标清同播）,少儿频道（高标清同播）,
山东,济南市广播电视台,济南,济南,,
,,济南,济南新闻综合频道（高标清同播）,新闻综合频道（高标清同播）,
,,济南,济南都市频道（高标清同播）,都市频道（高标清同播）,
,,济南,济南影视频道（高标清同播）,影视频道（高标清同播）,
,,济南,济南娱乐频道,娱乐频道,
,,济南,济南生活频道（高标清同播）,生活频道（高标清同播）,
,,济南,济南商务频道,商务频道,
,,济南,济南少儿频道,少儿频道,
,,济南,济南移动电视频道,移动电视频道,
,,济南,济南鲁中频道（高标清同播）,鲁中频道（高标清同播）,
,,济南,济南科教频道,科教频道,
山东,青岛市广播电视台,青岛,青岛,,
,,青岛,青岛新闻综合频道（高标清同播）,新闻综合频道（高标清同播）,
,,青岛,青岛经济生活频道（高标清同播）,经济生活频道（高标清同播）,
,,青岛,青岛影视频道（高标清同播）,影视频道（高标清同播）,
,,青岛,青岛文化娱乐频道（高标清同播）,文化娱乐频道（高标清同播）,
,,青岛,青岛体育休闲频道（高标清同播）,体育休闲频道（高标清同播）,
,,青岛,青岛教育频道（高标清同播）,教育频道（高标清同播）,
,,青岛,青岛移动电视频道,移动电视频道,
山东,淄博市广播电视台,淄博,淄博,,
,,淄博,淄博新闻频道（高标清同播）,新闻频道（高标清同播）,
,,淄博,淄博都市频道（高标清同播）,都市频道（高标清同播）,
,,淄博,淄博生活频道（高标清同播）,生活频道（高标清同播）,
,,淄博,淄博公共频道（高标清同播）,公共频道（高标清同播）,
,,淄博,淄博科教频道（高标清同播）,科教频道（高标清同播）,
山东,枣庄市广播电视台,枣庄,枣庄,,
,,枣庄,枣庄新闻综合频道（高标清同播）,新闻综合频道（高标清同播）,
,,枣庄,枣庄教育频道（高标清同播）,教育频道（高标清同播）,
,,枣庄,枣庄公共频道（高标清同播）,公共频道（高标清同播）,
山东,德州市广播电视台,德州,德州,,
,,德州,德州新闻综合频道（高标清同播）,新闻综合频道（高标清同播）,
,,德州,德州公共频道（高标清同播）,公共频道（高标清同播）,
山东,潍坊市广播电视台,潍坊,潍坊电视频道：,电视频道：,
,,潍坊,潍坊新闻综合频道（高标清同播）,新闻综合频道（高标清同播）,
,,潍坊,潍坊农业频道（高标清同播）,农业频道（高标清同播）,
,,潍坊,潍坊公共频道（高标清同播）,公共频道（高标清同播）,
,,潍坊,潍坊科教频道（高标清同播）,科教频道（高标清同播）,
山东,东营市广播电视台,东营,东营,,
,,东营,东营新闻综合频道（高标清同播）,新闻综合频道（高标清同播）,
,,东营,东营公共频道（高标清同播）,公共频道（高标清同播）,
,,东营,东营科教频道,科教频道,
山东,日照市广播电视台,日照,日照,,
,,日照,日照新闻综合频道（高标清同播）,新闻综合频道（高标清同播）,
,,日照,日照科教频道（高标清同播）,科教频道（高标清同播）,
,,日照,日照公共频道（高标清同播）,公共频道（高标清同播）,
山东,临沂市广播电视台,临沂,临沂,,
,,临沂,临沂综合频道（高标清同播）,综合频道（高标清同播）,
,,临沂,临沂农村科普频道（高标清同播）,农村科普频道（高标清同播）,
,,临沂,临沂公共频道（高标清同播）,公共频道（高标清同播）,
山东,菏泽市广播电视台,菏泽,菏泽,,
,,菏泽,菏泽综合频道（高标清同播）,综合频道（高标清同播）,
,,菏泽,菏泽公共频道（高标清同播）,公共频道（高标清同播）,
山东,烟台市广播电视台,烟台,烟台,,
,,烟台,烟台新闻综合频道（高标清同播）,新闻综合频道（高标清同播）,
,,烟台,烟台经济科技频道（高标清同播）,经济科技频道（高标清同播）,
,,烟台,烟台影视频道（高标清同播）,影视频道（高标清同播）,
,,烟台,烟台公共频道（高标清同播）,公共频道（高标清同播）,
山东,威海市广播电视台,威海,威海,,
,,威海,威海新闻综合频道,新闻综合频道,
,,威海,威海公共频道,公共频道,
山东,泰安市广播电视台,泰安,泰安,,
,,泰安,泰安综合频道（高标清同播）,综合频道（高标清同播）,
,,泰安,泰安公共频道,公共频道,
,,泰安,泰安教科频道,教科频道,
山东,济宁市广播电视台,济宁,济宁,,
,,济宁,济宁综合频道（高标清同播）,综合频道（高标清同播）,
,,济宁,济宁教育频道（高标清同播）,教育频道（高标清同播）,
,,济宁,济宁公共频道（高标清同播）,公共频道（高标清同播）,
山西,山西广播电视台,山西,山西,,
,,山西,山西新闻综合频道（高标清同播）,新闻综合频道（高标清同播）,
,,山西,山西山西黄河电视台（高标清同播）,山西黄河电视台（高标清同播）,
,,山西,山西经济与科技频道（高标清同播）,经济与科技频道（高标清同播）,
,,山西,山西影视频道（高标清同播）,影视频道（高标清同播）,
,,山西,山西社会与法治频道（高标清同播）,社会与法治频道（高标清同播）,
,,山西,山西公共频道（高标清同播）,公共频道（高标清同播）,仅限境外落地的频道：
,,山西,山西教育文化频道,教育文化频道,
山西,太原市广播电视台,太原,太原,,
,,太原,太原新闻综合频道（高标清同播）,新闻综合频道（高标清同播）,
,,太原,太原经济生活频道,经济生活频道,
,,太原,太原社教法制频道（高标清同播）,社教法制频道（高标清同播）,
,,太原,太原影视频道,影视频道,
,,太原,太原文体频道,文体频道,
山西,阳泉市广播电视台,阳泉,阳泉,,
,,阳泉,阳泉新闻综合频道（高标清同播）,新闻综合频道（高标清同播）,
,,阳泉,阳泉科教频道（高标清同播）,科教频道（高标清同播）,
山西,大同市广播电视台,大同,大同,,
,,大同,大同新闻综合频道（高标清同播）,新闻综合频道（高标清同播）,
,,大同,大同公共频道（高标清同播）,公共频道（高标清同播）,
,,大同,大同煤都生活频道（高标清同播）,煤都生活频道（高标清同播）,
山西,朔州市广播电视台,朔州,朔州,,
,,朔州,朔州新闻综合频道（高标清同播）,新闻综合频道（高标清同播）,
,,朔州,朔州公共频道（高标清同播）,公共频道（高标清同播）,
山西,晋城市广播电视台,晋城,晋城电视频道：,电视频道：,
,,晋城,晋城新闻综合频道（高标清同播）,新闻综合频道（高标清同播）,
,,晋城,晋城公共频道（高标清同播）,公共频道（高标清同播）,
山西,长治市广播电视台,长治,长治,,
,,长治,长治新闻综合频道（高标清同播）,新闻综合频道（高标清同播）,
,,长治,长治公共・少儿频道（高标清同播）,公共・少儿频道（高标清同播）,
山西,吕梁市广播电视台,吕梁,吕梁,,
,,吕梁,吕梁新闻综合频道（高标清同播）,新闻综合频道（高标清同播）,
,,吕梁,吕梁公共频道（高标清同播）,公共频道（高标清同播）,
山西,晋中市广播电视台,晋中,晋中,,
,,晋中,晋中综合频道（高标清同播）,综合频道（高标清同播）,
,,晋中,晋中公共频道（高标清同播）,公共频道（高标清同播）,
山西,忻州市广播电视台,忻州,忻州,,
,,忻州,忻州综合频道（高标清同播）,综合频道（高标清同播）,
,,忻州,忻州公共频道（高标清同播）,公共频道（高标清同播）,
山西,临汾市广播电视台,临汾,临汾,,
,,临汾,临汾综合频道（高标清同播）,综合频道（高标清同播）,
,,临汾,临汾公共频道（高标清同播）,公共频道（高标清同播）,
,,临汾,临汾科教频道（高标清同播）,科教频道（高标清同播）,
山西,运城市广播电视台,运城,运城,,
,,运城,运城综合频道,综合频道,
,,运城,运城公共频道,公共频道,
,,运城,运城科教频道,科教频道,
陕西,陕西广播电视台,陕西,陕西,,
,,陕西,陕西综合频道（高标清同播）,综合频道（高标清同播）,
,,陕西,陕西新闻资讯频道（高标清同播）,新闻资讯频道（高标清同播）,
,,陕西,陕西都市青春频道（高标清同播）,都市青春频道（高标清同播）,
,,陕西,陕西生活频道,生活频道,
,,陕西,陕西影视频道,影视频道,
,,陕西,陕西公共频道,公共频道,
,,陕西,陕西体育休闲频道,体育休闲频道,
,,陕西,陕西西部电影频道,西部电影频道,
,,陕西,陕西农林科技频道,农林科技频道,
,,陕西,陕西乐家电视购物频道,乐家电视购物频道,
,,陕西,陕西移动电视频道,移动电视频道,
陕西,宝鸡市广播电视台,宝鸡,宝鸡,,
,,宝鸡,宝鸡综合频道（高标清同播）,综合频道（高标清同播）,
,,宝鸡,宝鸡公共频道（高标清同播）,公共频道（高标清同播）,
陕西,渭南市广播电视台,渭南,渭南,,
,,渭南,渭南新闻综合频道（高标清同播）,新闻综合频道（高标清同播）,
,,渭南,渭南公共频道,公共频道,
陕西,西安市广播电视台,西安,西安,,
,,西安,西安新闻综合频道,新闻综合频道,
,,西安,西安都市频道,都市频道,
,,西安,西安商务资讯频道,商务资讯频道,
,,西安,西安影视频道,影视频道,
,,西安,西安文化旅游频道,文化旅游频道,
,,西安,西安乐购购物频道,乐购购物频道,
,,西安,西安移动电视频道,移动电视频道,
陕西,汉中市广播电视台,汉中,汉中,,
,,汉中,汉中综合频道,综合频道,
,,汉中,汉中公共频道,公共频道,
,,汉中,汉中教育频道,教育频道,
陕西,铜川市广播电视台,铜川,铜川,,
,,铜川,铜川综合频道（高标清同播）,综合频道（高标清同播）,
,,铜川,铜川公共频道（高标清同播）,公共频道（高标清同播）,
陕西,榆林市广播电视台,榆林,榆林,,
,,榆林,榆林综合频道（高标清同播）,综合频道（高标清同播）,
,,榆林,榆林公共频道（高标清同播）,公共频道（高标清同播）,
陕西,商洛市广播电视台,商洛,商洛,,
,,商洛,商洛综合频道（高标清同播）,综合频道（高标清同播）,
,,商洛,商洛公共频道（高标清同播）,公共频道（高标清同播）,
陕西,安康市广播电视台,安康,安康,,
,,安康,安康综合频道,综合频道,
,,安康,安康公共频道,公共频道,
陕西,延安市广播电视台,延安,延安,,
,,延安,延安社会综合频道,社会综合频道,
,,延安,延安公共频道,公共频道,
陕西,咸阳市广播电视台,咸阳,咸阳,,
,,咸阳,咸阳综合频道,综合频道,
,,咸阳,咸阳公共频道,公共频道,
四川,四川广播电视台,四川,四川,,
,,四川,四川综合频道（高标清同播）,综合频道（高标清同播）,
,,四川,四川文化旅游频道（高标清同播）,文化旅游频道（高标清同播）,
,,四川,四川经济频道（高标清同播）,经济频道（高标清同播）,
,,四川,四川新闻频道（高标清同播）,新闻频道（高标清同播）,
,,四川,四川影视文艺频道（高标清同播）,影视文艺频道（高标清同播）,
,,四川,四川星空购物频道（高标清同播）,星空购物频道（高标清同播）,
,,四川,四川妇女儿童频道（高标清同播）,妇女儿童频道（高标清同播）,
,,四川,四川科技教育频道（高标清同播）,科技教育频道（高标清同播）,
,,四川,四川四川乡村频道（高标清同播）,四川乡村频道（高标清同播）,
,,四川,四川峨嵋电影频道（高标清同播）,峨嵋电影频道（高标清同播）,
,,四川,四川康巴藏语卫视频道（高标清同播）,康巴藏语卫视频道（高标清同播）,
四川,阿坝藏族羌族自治州广播电视台,阿坝藏族羌族自治州,阿坝藏族羌族自治州,,
,,阿坝藏族羌族自治州,阿坝藏族羌族自治州新闻综合频道（高标清同播）,新闻综合频道（高标清同播）,
,,阿坝藏族羌族自治州,阿坝藏族羌族自治州安多藏语综合频道（高标清同播）,安多藏语综合频道（高标清同播）,
四川,眉山市广播电视台,眉山,眉山,,
,,眉山,眉山综合频道（高标清同播）,综合频道（高标清同播）,
,,眉山,眉山公共频道（高标清同播）,公共频道（高标清同播）,
四川,成都市广播电视台,成都,成都,,
,,成都,成都新闻综合频道（高标清同播）,新闻综合频道（高标清同播）,
,,成都,成都经济资讯服务频道,经济资讯服务频道,
,,成都,成都都市生活频道,都市生活频道,
,,成都,成都影视文艺频道,影视文艺频道,
,,成都,成都公共频道（高标清同播）,公共频道（高标清同播）,
,,成都,成都少儿频道,少儿频道,
,,成都,成都每日电视购物频道（高标清同播）,每日电视购物频道（高标清同播）,
四川,内江市广播电视台,内江,内江,,
,,内江,内江综合频道（高标清同播）,综合频道（高标清同播）,
,,内江,内江公共频道（高标清同播）,公共频道（高标清同播）,
,,内江,内江科教频道（高标清同播）,科教频道（高标清同播）,
四川,达州市广播电视台,达州,达州电视频道：,电视频道：,
,,达州,达州新闻综合频道（高标清同播）,新闻综合频道（高标清同播）,
,,达州,达州公共频道（高标清同播）,公共频道（高标清同播）,
四川,泸州市广播电视台,泸州,泸州,,
,,泸州,泸州新闻综合频道（高标清同播）,新闻综合频道（高标清同播）,
,,泸州,泸州公共频道（高标清同播）,公共频道（高标清同播）,
,,泸州,泸州科技教育频道（高标清同播）,科技教育频道（高标清同播）,
四川,巴中市广播电视台,巴中,巴中电视业务：,电视业务：,
,,巴中,巴中综合频道（高标清同播）,综合频道（高标清同播）,
,,巴中,巴中公共频道（高标清同播）,公共频道（高标清同播）,
四川,攀枝花市广播电视台,攀枝花,攀枝花,,
,,攀枝花,攀枝花新闻综合频道（高标清同播）,新闻综合频道（高标清同播）,
,,攀枝花,攀枝花公共频道（高标清同播）,公共频道（高标清同播）,
四川,遂宁市广播电视台,遂宁,遂宁,,
,,遂宁,遂宁综合频道（高标清同播）,综合频道（高标清同播）,
,,遂宁,遂宁公共频道（高标清同播）,公共频道（高标清同播）,
四川,广安市广播电视台,广安,广安,,
,,广安,广安综合频道（高标清同播）,综合频道（高标清同播）,
,,广安,广安公共频道（高标清同播）,公共频道（高标清同播）,
四川,广元市广播电视台,广元,广元,,
,,广元,广元综合频道（高标清同播）,综合频道（高标清同播）,
,,广元,广元公共频道,公共频道,
四川,南充市广播电视台,南充,南充,,
,,南充,南充综合频道（高标清同播）,综合频道（高标清同播）,
,,南充,南充公共频道（高标清同播）,公共频道（高标清同播）,
,,南充,南充科教频道（高标清同播）,科教频道（高标清同播）,
四川,宜宾市广播电视台,宜宾,宜宾,,
,,宜宾,宜宾新闻综合频道（高标清同播）,新闻综合频道（高标清同播）,
,,宜宾,宜宾公共频道,公共频道,
四川,资阳市广播电视台,资阳,资阳,,
,,资阳,资阳综合频道（高标清同播）,综合频道（高标清同播）,
四川,甘孜藏族自治州广播电视台,甘孜藏族自治州,甘孜藏族自治州,,
,,甘孜藏族自治州,甘孜藏族自治州综合频道（高标清同播）,综合频道（高标清同播）,
,,甘孜藏族自治州,甘孜藏族自治州文艺频道（高标清同播）,文艺频道（高标清同播）,
四川,凉山彝族自治州广播电视台,凉山彝族自治州,凉山彝族自治州,,
,,凉山彝族自治州,凉山彝族自治州新闻综合频道（高标清同播）,新闻综合频道（高标清同播）,
,,凉山彝族自治州,凉山彝族自治州彝语综合频道（高标清同播）,彝语综合频道（高标清同播）,
四川,雅安市广播电视台,雅安,雅安,,
,,雅安,雅安新闻综合频道（高标清同播）,新闻综合频道（高标清同播）,
,,雅安,雅安公共频道（高标清同播）,公共频道（高标清同播）,
四川,绵阳市广播电视台,绵阳,绵阳,,
,,绵阳,绵阳新闻综合频道（高标清同播）,新闻综合频道（高标清同播）,
,,绵阳,绵阳公共频道（高标清同播）,公共频道（高标清同播）,
,,绵阳,绵阳科技频道（高标清同播）,科技频道（高标清同播）,
四川,德阳市广播电视台,德阳,德阳,,
,,德阳,德阳新闻综合频道（高标清同播）,新闻综合频道（高标清同播）,
,,德阳,德阳公共频道（高标清同播）,公共频道（高标清同播）,
四川,自贡市广播电视台,自贡,自贡,,
,,自贡,自贡综合频道（高标清同播）,综合频道（高标清同播）,
,,自贡,自贡公共频道（高标清同播）,公共频道（高标清同播）,
四川,乐山市广播电视台,乐山,乐山,,
,,乐山,乐山新闻综合频道（高标清同播）,新闻综合频道（高标清同播）,
,,乐山,乐山公共频道（高标清同播）,公共频道（高标清同播）,
天津,天津广播电视台,天津,天津,,
,,天津,天津综合频道（高标清同播）,综合频道（高标清同播）,
,,天津,天津新闻频道（高标清同播）,新闻频道（高标清同播）,
,,天津,天津文艺频道（高标清同播）,文艺频道（高标清同播）,
,,天津,天津影视频道（高标清同播）,影视频道（高标清同播）,
,,天津,天津都市频道（高标清同播）,都市频道（高标清同播）,
,,天津,天津体育频道（高标清同播）,体育频道（高标清同播）,
,,天津,天津科教频道（高标清同播）,科教频道（高标清同播）,
,,天津,天津少儿频道（高标清同播）,少儿频道（高标清同播）,
,,天津,天津三佳购物频道,三佳购物频道,
西藏,西藏广播电视台,西藏,西藏,,
,,西藏,西藏综合频道（藏语）,综合频道（藏语）,
,,西藏,西藏综合频道,综合频道,（汉语）
,,西藏,西藏影视文化频道,影视文化频道,
,,西藏,西藏经济生活服务频道（暂停播出）,经济生活服务频道（暂停播出）,
西藏,阿里地区广播电视台,阿里地区,阿里地区,,
,,阿里地区,阿里地区综合频道（汉语、藏语共用）,综合频道（汉语、藏语共用）,
西藏,拉萨市广播电视台,拉萨,拉萨,,
,,拉萨,拉萨综合频道,综合频道,
,,拉萨,拉萨藏语综合频道,藏语综合频道,
,,拉萨,拉萨文化旅游频道,文化旅游频道,
西藏,那曲市广播电视台,那曲,那曲,,
,,那曲,那曲综合频道（汉语、藏语共用）,综合频道（汉语、藏语共用）,
西藏,林芝市广播电视台,林芝,林芝,,
,,林芝,林芝综合频道（汉语、藏语共用）,综合频道（汉语、藏语共用）,
西藏,昌都市广播电视台,昌都,昌都,,
,,昌都,昌都综合频道（汉语、藏语共用）,综合频道（汉语、藏语共用）,
西藏,山南市广播电视台,山南,山南,,
,,山南,山南综合频道（汉语、藏语共用）,综合频道（汉语、藏语共用）,
西藏,日喀则市广播电视台,日喀则,日喀则,,
,,日喀则,日喀则综合频道（汉语、藏语共用）,综合频道（汉语、藏语共用）,
,,日喀则,日喀则藏语综合频道,藏语综合频道,
新疆,新疆广播电视台,新疆,新疆,,
,,新疆,新疆汉语新闻综合频道（高标清同播）,汉语新闻综合频道（高标清同播）,
,,新疆,新疆维吾尔语新闻综合频道（高标清同播）,维吾尔语新闻综合频道（高标清同播）,
,,新疆,新疆哈萨克语新闻综合频道（高标清同播）,哈萨克语新闻综合频道（高标清同播）,
,,新疆,新疆汉语综艺频道（高标清同播）,汉语综艺频道（高标清同播）,
,,新疆,新疆维吾尔语影视频道（高标清同播）,维吾尔语影视频道（高标清同播）,
,,新疆,新疆哈萨克语综艺频道（高标清同播）,哈萨克语综艺频道（高标清同播）,
,,新疆,新疆汉语经济生活频道（高标清同播）,汉语经济生活频道（高标清同播）,
,,新疆,新疆维吾尔语经济生活频道（高标清同播）,维吾尔语经济生活频道（高标清同播）,
,,新疆,新疆汉语影视频道（高标清同播）,汉语影视频道（高标清同播）,
,,新疆,新疆汉语体育健康频道（高标清同播）,汉语体育健康频道（高标清同播）,
,,新疆,新疆汉语信息服务频道（高标清同播）,汉语信息服务频道（高标清同播）,
,,新疆,新疆少儿频道（高标清同播）,少儿频道（高标清同播）,
新疆,乌鲁木齐市广播电视台,乌鲁木齐,乌鲁木齐,,
,,乌鲁木齐,乌鲁木齐汉语综合频道（高标清同播）,汉语综合频道（高标清同播）,
,,乌鲁木齐,乌鲁木齐维吾尔语综合频道（高标清同播）,维吾尔语综合频道（高标清同播）,
,,乌鲁木齐,乌鲁木齐汉语影视频道,汉语影视频道,
,,乌鲁木齐,乌鲁木齐都市生活频道,都市生活频道,
,,乌鲁木齐,乌鲁木齐旅游频道,旅游频道,
,,乌鲁木齐,乌鲁木齐妇女儿童频道,妇女儿童频道,
新疆,克拉玛依市广播电视台,克拉玛依,克拉玛依,,
,,克拉玛依,克拉玛依汉语综合频道（高标清同播）,汉语综合频道（高标清同播）,
,,克拉玛依,克拉玛依维语综合频道（高标清同播）,维语综合频道（高标清同播）,
,,克拉玛依,克拉玛依汉语影视文艺频道（高标清同播）,汉语影视文艺频道（高标清同播）,
,,克拉玛依,克拉玛依维语影视文艺频道（高标清同播）,维语影视文艺频道（高标清同播）,
,,克拉玛依,克拉玛依教育频道（高标清同播）,教育频道（高标清同播）,
新疆,克孜勒苏柯尔克孜自治州广播电视台,克孜勒苏柯尔克孜自治州,克孜勒苏柯尔克孜自治州,,
,,克孜勒苏柯尔克孜自治州,克孜勒苏柯尔克孜自治州柯语综合频道（高标清同播）,柯语综合频道（高标清同播）,
,,克孜勒苏柯尔克孜自治州,克孜勒苏柯尔克孜自治州维语综合频道（高标清同播）,维语综合频道（高标清同播）,
,,克孜勒苏柯尔克孜自治州,克孜勒苏柯尔克孜自治州汉语综合频道（高标清同播）,汉语综合频道（高标清同播）,
新疆,喀什地区广播电视台,喀什地区,喀什地区,,
,,喀什地区,喀什地区维语综合频道（高标清同播）,维语综合频道（高标清同播）,
,,喀什地区,喀什地区汉语综合频道（高标清同播）,汉语综合频道（高标清同播）,
,,喀什地区,喀什地区科技教育频道（高标清同播）,科技教育频道（高标清同播）,
新疆,哈密市广播电视台,哈密,哈密,,
,,哈密,哈密汉语综合频道（高标清同播）,汉语综合频道（高标清同播）,
,,哈密,哈密维语综合频道（高标清同播）,维语综合频道（高标清同播）,
,,哈密,哈密影视文艺频道（高标清同播）,影视文艺频道（高标清同播）,
新疆,伊犁哈萨克自治州广播电视台,伊犁哈萨克自治州,伊犁哈萨克自治州,,
,,伊犁哈萨克自治州,伊犁哈萨克自治州汉语综合频道（高标清同播）,汉语综合频道（高标清同播）,
,,伊犁哈萨克自治州,伊犁哈萨克自治州哈语综合频道（高标清同播）,哈语综合频道（高标清同播）,
,,伊犁哈萨克自治州,伊犁哈萨克自治州维语综合频道（高标清同播）,维语综合频道（高标清同播）,
,,伊犁哈萨克自治州,伊犁哈萨克自治州汉语经济频道,汉语经济频道,
兵团,新疆生产建设兵团广播电视台,新疆生产建设兵团,新疆生产建设兵团,,
,,新疆生产建设兵团,新疆生产建设兵团综合频道,综合频道,
兵团,石河子市广播电视台,石河子,石河子,,
,,石河子,石河子综合频道,综合频道,
,,石河子,石河子影视文体频道,影视文体频道,
,,石河子,石河子经济生活频道,经济生活频道,
,,石河子,石河子教育频道,教育频道,
新疆,吐鲁番市广播电视台,吐鲁番,吐鲁番,,
,,吐鲁番,吐鲁番维语综合频道,维语综合频道,
,,吐鲁番,吐鲁番汉语综合频道,汉语综合频道,
,,吐鲁番,吐鲁番汉语影视文艺频道,汉语影视文艺频道,
新疆,巴音郭楞蒙古自治州广播电视台,巴音郭楞蒙古自治州,巴音郭楞蒙古自治州,,
,,巴音郭楞蒙古自治州,巴音郭楞蒙古自治州综合频道（高标清同播）,综合频道（高标清同播）,
,,巴音郭楞蒙古自治州,巴音郭楞蒙古自治州教育频道（高标清同播）,教育频道（高标清同播）,
,,巴音郭楞蒙古自治州,巴音郭楞蒙古自治州蒙语综合频道（高标清同播）,蒙语综合频道（高标清同播）,
,,巴音郭楞蒙古自治州,巴音郭楞蒙古自治州维语综合频道（高标清同播）,维语综合频道（高标清同播）,
新疆,博尔塔拉蒙古自治州广播电视台,博尔塔拉蒙古自治州,博尔塔拉蒙古自治州,,
,,博尔塔拉蒙古自治州,博尔塔拉蒙古自治州汉语综合频道（高标清同播）,汉语综合频道（高标清同播）,
,,博尔塔拉蒙古自治州,博尔塔拉蒙古自治州蒙古语综合频道（高标清同播）,蒙古语综合频道（高标清同播）,
,,博尔塔拉蒙古自治州,博尔塔拉蒙古自治州维吾尔语综合频道（高标清同播）,维吾尔语综合频道（高标清同播）,
新疆,阿勒泰地区广播电视台,阿勒泰地区,阿勒泰地区,,
,,阿勒泰地区,阿勒泰地区汉语综合频道,汉语综合频道,
,,阿勒泰地区,阿勒泰地区汉语城市生活频道,汉语城市生活频道,
,,阿勒泰地区,阿勒泰地区哈萨克语综合频道,哈萨克语综合频道,
新疆,和田地区广播电视台,和田地区,和田地区,,
,,和田地区,和田地区汉语综合频道,汉语综合频道,
,,和田地区,和田地区汉语影视文艺频道,汉语影视文艺频道,
,,和田地区,和田地区维语综合频道,维语综合频道,
,,和田地区,和田地区维语影视频道,维语影视频道,
新疆,塔城地区广播电视台,塔城地区,塔城地区,,
,,塔城地区,塔城地区哈语综合频道（高标清同播）,哈语综合频道（高标清同播）,
,,塔城地区,塔城地区汉语综合频道（高标清同播）,汉语综合频道（高标清同播）,
,,塔城地区,塔城地区经济信息频道（高标清同播）,经济信息频道（高标清同播）,
新疆,阿克苏地区广播电视台,阿克苏地区,阿克苏地区,,
,,阿克苏地区,阿克苏地区汉语综合频道（高标清同播）,汉语综合频道（高标清同播）,
,,阿克苏地区,阿克苏地区维语综合频道（高标清同播）,维语综合频道（高标清同播）,
,,阿克苏地区,阿克苏地区汉语文艺频道（高标清同播）,汉语文艺频道（高标清同播）,
新疆,昌吉回族自治州广播电视台,昌吉回族自治州,昌吉回族自治州,,
,,昌吉回族自治州,昌吉回族自治州综合频道（高标清同播）,综合频道（高标清同播）,
,,昌吉回族自治州,昌吉回族自治州城市生活频道（高标清同播）,城市生活频道（高标清同播）,
云南,云南广播电视台,云南,云南,,
,,云南,云南综合频道（高标清同播）,综合频道（高标清同播）,
,,云南,云南都市频道,都市频道,
,,云南,云南娱乐频道,娱乐频道,
,,云南,云南生活资讯频道,生活资讯频道,
,,云南,云南影视频道,影视频道,
,,云南,云南公共频道,公共频道,
,,云南,云南少儿频道,少儿频道,
,,云南,云南移动电视频道,移动电视频道,仅限境外落地的频道：
,,云南,云南国际频道,国际频道,
云南,昆明市广播电视台,昆明,昆明,,
,,昆明,昆明新闻综合频道（高标清同播）,新闻综合频道（高标清同播）,
,,昆明,昆明经济生活频道,经济生活频道,
,,昆明,昆明科学教育频道,科学教育频道,
,,昆明,昆明文体娱乐频道,文体娱乐频道,
,,昆明,昆明影视综艺频道,影视综艺频道,
,,昆明,昆明公共频道（高标清同播）,公共频道（高标清同播）,
云南,保山市广播电视台,保山,保山,,
,,保山,保山新闻综合频道（高标清同播）,新闻综合频道（高标清同播）,
,,保山,保山公共频道（高标清同播）,公共频道（高标清同播）,
,,保山,保山科教频道（高标清同播）,科教频道（高标清同播）,
云南,昭通市广播电视台,昭通,昭通,,
,,昭通,昭通新闻综合频道（高标清同播）,新闻综合频道（高标清同播）,
,,昭通,昭通公共频道,公共频道,
,,昭通,昭通科教频道,科教频道,
云南,德宏傣族景颇族自治州广播电视台,德宏傣族景颇族自治州,德宏傣族景颇族自治州,,
,,德宏傣族景颇族自治州,德宏傣族景颇族自治州新闻综合频道（高标清同播）,新闻综合频道（高标清同播）,
,,德宏傣族景颇族自治州,德宏傣族景颇族自治州公共频道（高标清同播）,公共频道（高标清同播）,
云南,玉溪市广播电视台,玉溪,玉溪,,
,,玉溪,玉溪新闻综合频道（高标清同播）,新闻综合频道（高标清同播）,
,,玉溪,玉溪公共频道（高标清同播）,公共频道（高标清同播）,
云南,丽江市广播电视台,丽江,丽江,,
,,丽江,丽江新闻综合频道,新闻综合频道,
,,丽江,丽江公共频道,公共频道,
云南,普洱市广播电视台,普洱,普洱,,
,,普洱,普洱新闻综合频道（高标清同播）,新闻综合频道（高标清同播）,
,,普洱,普洱公共频道（高标清同播）,公共频道（高标清同播）,
,,普洱,普洱科教频道（高标清同播）,科教频道（高标清同播）,
云南,临沧市广播电视台,临沧,临沧,,
,,临沧,临沧新闻综合频道（高标清同播）,新闻综合频道（高标清同播）,
,,临沧,临沧科教频道（高标清同播）,科教频道（高标清同播）,
云南,西双版纳傣族自治州广播电视台,西双版纳傣族自治州,西双版纳傣族自治州,,
,,西双版纳傣族自治州,西双版纳傣族自治州新闻综合频道（高标清同播）,新闻综合频道（高标清同播）,
,,西双版纳傣族自治州,西双版纳傣族自治州公共频道（高标清同播）,公共频道（高标清同播）,
云南,大理白族自治州广播电视台,大理白族自治州,大理白族自治州,,
,,大理白族自治州,大理白族自治州新闻综合频道,新闻综合频道,
,,大理白族自治州,大理白族自治州公共频道,公共频道,
云南,曲靖市广播电视台,曲靖,曲靖,,
,,曲靖,曲靖新闻综合频道,新闻综合频道,
,,曲靖,曲靖公共频道,公共频道,
,,曲靖,曲靖科教频道,科教频道,
云南,红河哈尼族彝族自治州广播电视台,红河哈尼族彝族自治州,红河哈尼族彝族自治州,,
,,红河哈尼族彝族自治州,红河哈尼族彝族自治州新闻综合频道（高标清同播）,新闻综合频道（高标清同播）,
,,红河哈尼族彝族自治州,红河哈尼族彝族自治州公共频道（高标清同播）,公共频道（高标清同播）,
云南,怒江傈僳族自治州广播电视台,怒江傈僳族自治州,怒江傈僳族自治州,,
,,怒江傈僳族自治州,怒江傈僳族自治州新闻综合频道（高标清同播）,新闻综合频道（高标清同播）,
云南,楚雄彝族自治州广播电视台,楚雄彝族自治州,楚雄彝族自治州,,
,,楚雄彝族自治州,楚雄彝族自治州新闻信息频道(高标清同播),新闻信息频道(高标清同播),
,,楚雄彝族自治州,楚雄彝族自治州公共频道（高标清同播）,公共频道（高标清同播）,
云南,文山壮族苗族自治州广播电视台,文山壮族苗族自治州,文山壮族苗族自治州,,
,,文山壮族苗族自治州,文山壮族苗族自治州新闻综合频道（高标清同播）,新闻综合频道（高标清同播）,
,,文山壮族苗族自治州,文山壮族苗族自治州公共频道（高标清同播）,公共频道（高标清同播）,
云南,迪庆藏族自治州广播电视台,迪庆藏族自治州,迪庆藏族自治州,,
,,迪庆藏族自治州,迪庆藏族自治州新闻综合频道（高标清同播）,新闻综合频道（高标清同播）,
,,迪庆藏族自治州,迪庆藏族自治州藏语频道（康巴藏语）（高标清同播）,藏语频道（康巴藏语）（高标清同播）,
浙江,浙江广播电视台,浙江,浙江,,
,,浙江,浙江综合频道（高标清同播）,综合频道（高标清同播）,
,,浙江,浙江钱江都市频道（高标清同播）,钱江都市频道（高标清同播）,
,,浙江,浙江经济生活频道（高标清同播）,经济生活频道（高标清同播）,
,,浙江,浙江教科影视频道（高标清同播）,教科影视频道（高标清同播）,
,,浙江,浙江民生休闲频道（高标清同播）,民生休闲频道（高标清同播）,
,,浙江,浙江新闻频道（高标清同播）,新闻频道（高标清同播）,
,,浙江,浙江少儿频道（高标清同播）,少儿频道（高标清同播）,
,,浙江,浙江好易购频道（高标清同播）,好易购频道（高标清同播）,仅限境外落地的频道：
,,浙江,浙江国际频道（高标清同播）,国际频道（高标清同播）,
浙江,宁波市广播电视台,宁波,宁波,,
,,宁波,宁波新闻综合频道（高标清同播）,新闻综合频道（高标清同播）,
,,宁波,宁波经济生活频道（高标清同播）,经济生活频道（高标清同播）,
,,宁波,宁波都市文体频道（高标清同播）,都市文体频道（高标清同播）,
,,宁波,宁波影视剧频道（高标清同播）,影视剧频道（高标清同播）,
,,宁波,宁波少儿频道（高标清同播）,少儿频道（高标清同播）,
,,宁波,宁波移动电视频道,移动电视频道,
浙江,舟山市广播电视台,舟山,舟山,,
,,舟山,舟山新闻综合频道（高标清同播）,新闻综合频道（高标清同播）,
,,舟山,舟山公共频道（高标清同播）,公共频道（高标清同播）,
浙江,台州市广播电视台,台州,台州,,
,,台州,台州新闻综合频道（高标清同播）,新闻综合频道（高标清同播）,
,,台州,台州文化生活频道,文化生活频道,
,,台州,台州公共频道,公共频道,
浙江,丽水市广播电视台,丽水,丽水,,
,,丽水,丽水新闻综合频道（高标清同播）,新闻综合频道（高标清同播）,
,,丽水,丽水公共频道,公共频道,
浙江,杭州市广播电视台,杭州,杭州,,
,,杭州,杭州综合频道（高标清同播）,综合频道（高标清同播）,
,,杭州,杭州西湖明珠频道（高标清同播）,西湖明珠频道（高标清同播）,
,,杭州,杭州生活频道（高标清同播）,生活频道（高标清同播）,
,,杭州,杭州影视频道（高标清同播）,影视频道（高标清同播）,
,,杭州,杭州青少q体育频道（高标清同播）,青少q体育频道（高标清同播）,
,,杭州,杭州移动电视频道,移动电视频道,
浙江,湖州市广播电视台,湖州,湖州,,
,,湖州,湖州新闻综合频道,新闻综合频道,
,,湖州,湖州文化娱乐频道,文化娱乐频道,
,,湖州,湖州公共频道,公共频道,
浙江,绍兴市广播电视台,绍兴,绍兴,,
,,绍兴,绍兴新闻综合频道（高标清同播）,新闻综合频道（高标清同播）,
,,绍兴,绍兴公共频道,公共频道,
,,绍兴,绍兴文化影视频道,文化影视频道,
浙江,嘉兴市广播电视台,嘉兴,嘉兴,,
,,嘉兴,嘉兴新闻综合频道（高标清同播）,新闻综合频道（高标清同播）,
,,嘉兴,嘉兴文化影视频道（高标清同播）,文化影视频道（高标清同播）,
,,嘉兴,嘉兴公共频道（高标清同播）,公共频道（高标清同播）,
浙江,金华市广播电视台,金华,金华,,
,,金华,金华综合频道（高标清同播）,综合频道（高标清同播）,
,,金华,金华教育科技频道,教育科技频道,
,,金华,金华公共频道,公共频道,
浙江,衢州市广播电视台,衢州,衢州,,
,,衢州,衢州新闻综合频道（高标清同播）,新闻综合频道（高标清同播）,
,,衢州,衢州公共频道（高标清同播）,公共频道（高标清同播）,
浙江,温州市广播电视台,温州,温州,,
,,温州,温州新闻综合频道（高标清同播）,新闻综合频道（高标清同播）,
,,温州,温州经济科技频道,经济科技频道,
,,温州,温州都市生活频道,都市生活频道,
,,温州,温州公共频道,公共频道,
重庆,万州区广播电视台,万州区,万州区,,
,,万州区,万州区综合频道,综合频道,
,,万州区,万州区三峡移民频道,三峡移民频道,
重庆,涪陵区广播电视台,涪陵区,涪陵区,,
,,涪陵区,涪陵区综合频道,综合频道,
重庆,黔江区广播电视台,黔江区,黔江区,,
,,黔江区,黔江区综合频道,综合频道,
重庆,重庆广播电视台,重庆,重庆,,
,,重庆,重庆综合频道（高标清同播）,综合频道（高标清同播）,
,,重庆,重庆新闻频道（高标清同播）,新闻频道（高标清同播）,
,,重庆,重庆影视频道（高标清同播）,影视频道（高标清同播）,
,,重庆,重庆科教频道（高标清同播）,科教频道（高标清同播）,
,,重庆,重庆社会与法频道（高标清同播）,社会与法频道（高标清同播）,
,,重庆,重庆文体娱乐频道（高标清同播）,文体娱乐频道（高标清同播）,
,,重庆,重庆时尚生活频道（高标清同播）,时尚生活频道（高标清同播）,
,,重庆,重庆新农村频道（高标清同播）,新农村频道（高标清同播）,
,,重庆,重庆少儿频道（高标清同播）,少儿频道（高标清同播）,
,,重庆,重庆时尚购物频道（高标清同播）,时尚购物频道（高标清同播）,
,,重庆,重庆移动电视频道,移动电视频道,仅限境外落地的频道：
,,重庆,重庆国际频道,国际频道,
